Time,Contract,Funding Interval,Funding Rate
"
03/01/2025 20:00:00","
BTC Perpetual/USDT","
Every 8 Hours","
-0.0106%"
"
03/01/2025 12:00:00","
BTC Perpetual/USDT","
Every 8 Hours","
-0.0014%"
"
03/01/2025 04:00:00","
BTC Perpetual/USDT","
Every 8 Hours","
-0.0090%"
"
02/28/2025 20:00:00","
BTC Perpetual/USDT","
Every 8 Hours","
-0.0047%"
"
02/28/2025 12:00:00","
BTC Perpetual/USDT","
Every 8 Hours","
0.0154%"
"
02/28/2025 04:00:00","
BTC Perpetual/USDT","
Every 8 Hours","
0.0224%"
"
02/27/2025 20:00:00","
BTC Perpetual/USDT","
Every 8 Hours","
-0.0017%"
"
02/27/2025 12:00:00","
BTC Perpetual/USDT","
Every 8 Hours","
0.0052%"
"
02/27/2025 04:00:00","
BTC Perpetual/USDT","
Every 8 Hours","
0.0361%"
"
02/26/2025 20:00:00","
BTC Perpetual/USDT","
Every 8 Hours","
0.0154%"
"
02/26/2025 12:00:00","
BTC Perpetual/USDT","
Every 8 Hours","
0.0226%"
"
02/26/2025 04:00:00","
BTC Perpetual/USDT","
Every 8 Hours","
0.0252%"
"
02/25/2025 20:00:00","
BTC Perpetual/USDT","
Every 8 Hours","
0.0174%"
"
02/25/2025 12:00:00","
BTC Perpetual/USDT","
Every 8 Hours","
0.0197%"
"
02/25/2025 04:00:00","
BTC Perpetual/USDT","
Every 8 Hours","
0.0092%"
"
02/24/2025 20:00:00","
BTC Perpetual/USDT","
Every 8 Hours","
0.0104%"
"
02/24/2025 12:00:00","
BTC Perpetual/USDT","
Every 8 Hours","
0.0081%"
"
02/24/2025 04:00:00","
BTC Perpetual/USDT","
Every 8 Hours","
0.0023%"
"
02/23/2025 20:00:00","
BTC Perpetual/USDT","
Every 8 Hours","
0.0069%"
"
02/23/2025 12:00:00","
BTC Perpetual/USDT","
Every 8 Hours","
0.0006%"
"
02/23/2025 04:00:00","
BTC Perpetual/USDT","
Every 8 Hours","
0.0060%"
"
02/22/2025 20:00:00","
BTC Perpetual/USDT","
Every 8 Hours","
-0.0087%"
"
02/22/2025 12:00:00","
BTC Perpetual/USDT","
Every 8 Hours","
0.0277%"
"
02/22/2025 04:00:00","
BTC Perpetual/USDT","
Every 8 Hours","
0.0069%"
"
02/21/2025 20:00:00","
BTC Perpetual/USDT","
Every 8 Hours","
-0.0051%"
"
02/21/2025 12:00:00","
BTC Perpetual/USDT","
Every 8 Hours","
-0.0168%"
"
02/21/2025 04:00:00","
BTC Perpetual/USDT","
Every 8 Hours","
-0.0181%"
"
02/20/2025 20:00:00","
BTC Perpetual/USDT","
Every 8 Hours","
-0.0172%"
"
02/20/2025 12:00:00","
BTC Perpetual/USDT","
Every 8 Hours","
-0.0123%"
"
02/20/2025 04:00:00","
BTC Perpetual/USDT","
Every 8 Hours","
0.0083%"
"
02/19/2025 20:00:00","
BTC Perpetual/USDT","
Every 8 Hours","
-0.0059%"
"
02/19/2025 12:00:00","
BTC Perpetual/USDT","
Every 8 Hours","
0.0094%"
"
02/19/2025 04:00:00","
BTC Perpetual/USDT","
Every 8 Hours","
0.0067%"
"
02/18/2025 20:00:00","
BTC Perpetual/USDT","
Every 8 Hours","
0.0179%"
"
02/18/2025 12:00:00","
BTC Perpetual/USDT","
Every 8 Hours","
-0.0031%"
"
02/18/2025 04:00:00","
BTC Perpetual/USDT","
Every 8 Hours","
-0.0016%"
"
02/17/2025 20:00:00","
BTC Perpetual/USDT","
Every 8 Hours","
0.0052%"
"
02/17/2025 12:00:00","
BTC Perpetual/USDT","
Every 8 Hours","
0.0128%"
"
02/17/2025 04:00:00","
BTC Perpetual/USDT","
Every 8 Hours","
0.0098%"
"
02/16/2025 20:00:00","
BTC Perpetual/USDT","
Every 8 Hours","
0.0009%"
"
02/16/2025 12:00:00","
BTC Perpetual/USDT","
Every 8 Hours","
-0.0004%"
"
02/16/2025 04:00:00","
BTC Perpetual/USDT","
Every 8 Hours","
0.0051%"
"
02/15/2025 20:00:00","
BTC Perpetual/USDT","
Every 8 Hours","
0.0058%"
"
02/15/2025 12:00:00","
BTC Perpetual/USDT","
Every 8 Hours","
-0.0037%"
"
02/15/2025 04:00:00","
BTC Perpetual/USDT","
Every 8 Hours","
-0.0088%"
"
02/14/2025 20:00:00","
BTC Perpetual/USDT","
Every 8 Hours","
0.0028%"
"
02/14/2025 12:00:00","
BTC Perpetual/USDT","
Every 8 Hours","
-0.0118%"
"
02/14/2025 04:00:00","
BTC Perpetual/USDT","
Every 8 Hours","
0.0106%"
"
02/13/2025 20:00:00","
BTC Perpetual/USDT","
Every 8 Hours","
0.0253%"
"
02/13/2025 12:00:00","
BTC Perpetual/USDT","
Every 8 Hours","
-0.0112%"
"
02/13/2025 04:00:00","
BTC Perpetual/USDT","
Every 8 Hours","
0.0040%"
"
02/12/2025 20:00:00","
BTC Perpetual/USDT","
Every 8 Hours","
0.0023%"
"
02/12/2025 12:00:00","
BTC Perpetual/USDT","
Every 8 Hours","
0.0058%"
"
02/12/2025 04:00:00","
BTC Perpetual/USDT","
Every 8 Hours","
0.0143%"
"
02/11/2025 20:00:00","
BTC Perpetual/USDT","
Every 8 Hours","
-0.0091%"
"
02/11/2025 12:00:00","
BTC Perpetual/USDT","
Every 8 Hours","
-0.0105%"
"
02/11/2025 04:00:00","
BTC Perpetual/USDT","
Every 8 Hours","
0.0012%"
"
02/10/2025 20:00:00","
BTC Perpetual/USDT","
Every 8 Hours","
-0.0020%"
"
02/10/2025 12:00:00","
BTC Perpetual/USDT","
Every 8 Hours","
-0.0104%"
"
02/10/2025 04:00:00","
BTC Perpetual/USDT","
Every 8 Hours","
0.0202%"
"
02/09/2025 20:00:00","
BTC Perpetual/USDT","
Every 8 Hours","
0.0009%"
"
02/09/2025 12:00:00","
BTC Perpetual/USDT","
Every 8 Hours","
-0.0167%"
"
02/09/2025 04:00:00","
BTC Perpetual/USDT","
Every 8 Hours","
0%"
"
02/08/2025 20:00:00","
BTC Perpetual/USDT","
Every 8 Hours","
0.0094%"
"
02/08/2025 12:00:00","
BTC Perpetual/USDT","
Every 8 Hours","
0.0012%"
"
02/08/2025 04:00:00","
BTC Perpetual/USDT","
Every 8 Hours","
0.0131%"
"
02/07/2025 20:00:00","
BTC Perpetual/USDT","
Every 8 Hours","
-0.0144%"
"
02/07/2025 12:00:00","
BTC Perpetual/USDT","
Every 8 Hours","
0.0091%"
"
02/07/2025 04:00:00","
BTC Perpetual/USDT","
Every 8 Hours","
0.0051%"
"
02/06/2025 20:00:00","
BTC Perpetual/USDT","
Every 8 Hours","
-0.0003%"
"
02/06/2025 12:00:00","
BTC Perpetual/USDT","
Every 8 Hours","
0.0071%"
"
02/06/2025 04:00:00","
BTC Perpetual/USDT","
Every 8 Hours","
0.0098%"
"
02/05/2025 20:00:00","
BTC Perpetual/USDT","
Every 8 Hours","
0.0096%"
"
02/05/2025 12:00:00","
BTC Perpetual/USDT","
Every 8 Hours","
-0.0091%"
"
02/05/2025 04:00:00","
BTC Perpetual/USDT","
Every 8 Hours","
0.0012%"
"
02/04/2025 20:00:00","
BTC Perpetual/USDT","
Every 8 Hours","
0.0122%"
"
02/04/2025 12:00:00","
BTC Perpetual/USDT","
Every 8 Hours","
-0.0160%"
"
02/04/2025 04:00:00","
BTC Perpetual/USDT","
Every 8 Hours","
0.0006%"
"
02/03/2025 20:00:00","
BTC Perpetual/USDT","
Every 8 Hours","
-0.0188%"
"
02/03/2025 12:00:00","
BTC Perpetual/USDT","
Every 8 Hours","
0.0295%"
"
02/03/2025 04:00:00","
BTC Perpetual/USDT","
Every 8 Hours","
0.0181%"
"
02/02/2025 20:00:00","
BTC Perpetual/USDT","
Every 8 Hours","
0.0054%"
"
02/02/2025 12:00:00","
BTC Perpetual/USDT","
Every 8 Hours","
0.0034%"
"
02/02/2025 04:00:00","
BTC Perpetual/USDT","
Every 8 Hours","
0.0070%"
"
02/01/2025 20:00:00","
BTC Perpetual/USDT","
Every 8 Hours","
0.0008%"
"
02/01/2025 12:00:00","
BTC Perpetual/USDT","
Every 8 Hours","
0.0287%"
"
02/01/2025 04:00:00","
BTC Perpetual/USDT","
Every 8 Hours","
-0.0010%"
"
01/31/2025 20:00:00","
BTC Perpetual/USDT","
Every 8 Hours","
0.0102%"
"
01/31/2025 12:00:00","
BTC Perpetual/USDT","
Every 8 Hours","
0.0014%"
"
01/31/2025 04:00:00","
BTC Perpetual/USDT","
Every 8 Hours","
-0.0071%"
"
01/30/2025 20:00:00","
BTC Perpetual/USDT","
Every 8 Hours","
-0.0016%"
"
01/30/2025 12:00:00","
BTC Perpetual/USDT","
Every 8 Hours","
-0.0070%"
"
01/30/2025 04:00:00","
BTC Perpetual/USDT","
Every 8 Hours","
0.0091%"
"
01/29/2025 20:00:00","
BTC Perpetual/USDT","
Every 8 Hours","
0.0001%"
"
01/29/2025 12:00:00","
BTC Perpetual/USDT","
Every 8 Hours","
0.0010%"
"
01/29/2025 04:00:00","
BTC Perpetual/USDT","
Every 8 Hours","
0.0142%"
"
01/28/2025 20:00:00","
BTC Perpetual/USDT","
Every 8 Hours","
-0.0129%"
"
01/28/2025 12:00:00","
BTC Perpetual/USDT","
Every 8 Hours","
0.0054%"
"
01/28/2025 04:00:00","
BTC Perpetual/USDT","
Every 8 Hours","
0.0054%"
"
01/27/2025 20:00:00","
BTC Perpetual/USDT","
Every 8 Hours","
0.0132%"
"
01/27/2025 12:00:00","
BTC Perpetual/USDT","
Every 8 Hours","
-0.0006%"
"
01/27/2025 04:00:00","
BTC Perpetual/USDT","
Every 8 Hours","
0.0213%"
"
01/26/2025 20:00:00","
BTC Perpetual/USDT","
Every 8 Hours","
0.0208%"
"
01/26/2025 12:00:00","
BTC Perpetual/USDT","
Every 8 Hours","
0.0142%"
"
01/26/2025 04:00:00","
BTC Perpetual/USDT","
Every 8 Hours","
0.0153%"
"
01/25/2025 20:00:00","
BTC Perpetual/USDT","
Every 8 Hours","
0.0094%"
"
01/25/2025 12:00:00","
BTC Perpetual/USDT","
Every 8 Hours","
0.0032%"
"
01/25/2025 04:00:00","
BTC Perpetual/USDT","
Every 8 Hours","
-0.0116%"
"
01/24/2025 20:00:00","
BTC Perpetual/USDT","
Every 8 Hours","
0.0018%"
"
01/24/2025 12:00:00","
BTC Perpetual/USDT","
Every 8 Hours","
0.0033%"
"
01/24/2025 04:00:00","
BTC Perpetual/USDT","
Every 8 Hours","
0.0080%"
"
01/23/2025 20:00:00","
BTC Perpetual/USDT","
Every 8 Hours","
0.0034%"
"
01/23/2025 12:00:00","
BTC Perpetual/USDT","
Every 8 Hours","
0.0113%"
"
01/23/2025 04:00:00","
BTC Perpetual/USDT","
Every 8 Hours","
0.0074%"
"
01/22/2025 20:00:00","
BTC Perpetual/USDT","
Every 8 Hours","
0.0097%"
"
01/22/2025 12:00:00","
BTC Perpetual/USDT","
Every 8 Hours","
-0.0079%"
"
01/22/2025 04:00:00","
BTC Perpetual/USDT","
Every 8 Hours","
0.0075%"
"
01/21/2025 20:00:00","
BTC Perpetual/USDT","
Every 8 Hours","
0.0147%"
"
01/21/2025 12:00:00","
BTC Perpetual/USDT","
Every 8 Hours","
0.0234%"
"
01/21/2025 04:00:00","
BTC Perpetual/USDT","
Every 8 Hours","
-0.0085%"
"
01/20/2025 20:00:00","
BTC Perpetual/USDT","
Every 8 Hours","
0.0476%"
"
01/20/2025 12:00:00","
BTC Perpetual/USDT","
Every 8 Hours","
0.0144%"
"
01/20/2025 04:00:00","
BTC Perpetual/USDT","
Every 8 Hours","
0.0049%"
"
01/19/2025 20:00:00","
BTC Perpetual/USDT","
Every 8 Hours","
-0.0018%"
"
01/19/2025 12:00:00","
BTC Perpetual/USDT","
Every 8 Hours","
-0.0004%"
"
01/19/2025 04:00:00","
BTC Perpetual/USDT","
Every 8 Hours","
0.0091%"
"
01/18/2025 20:00:00","
BTC Perpetual/USDT","
Every 8 Hours","
0.0144%"
"
01/18/2025 12:00:00","
BTC Perpetual/USDT","
Every 8 Hours","
0.0057%"
"
01/18/2025 04:00:00","
BTC Perpetual/USDT","
Every 8 Hours","
-0.0122%"
"
01/17/2025 20:00:00","
BTC Perpetual/USDT","
Every 8 Hours","
0.0115%"
"
01/17/2025 12:00:00","
BTC Perpetual/USDT","
Every 8 Hours","
-0.0111%"
"
01/17/2025 04:00:00","
BTC Perpetual/USDT","
Every 8 Hours","
0.0105%"
"
01/16/2025 20:00:00","
BTC Perpetual/USDT","
Every 8 Hours","
0.0089%"
"
01/16/2025 12:00:00","
BTC Perpetual/USDT","
Every 8 Hours","
-0.0092%"
"
01/16/2025 04:00:00","
BTC Perpetual/USDT","
Every 8 Hours","
-0.0081%"
"
01/15/2025 20:00:00","
BTC Perpetual/USDT","
Every 8 Hours","
0.0017%"
"
01/15/2025 12:00:00","
BTC Perpetual/USDT","
Every 8 Hours","
-0.0115%"
"
01/15/2025 04:00:00","
BTC Perpetual/USDT","
Every 8 Hours","
0.0049%"
"
01/14/2025 20:00:00","
BTC Perpetual/USDT","
Every 8 Hours","
0.0053%"
"
01/14/2025 12:00:00","
BTC Perpetual/USDT","
Every 8 Hours","
-0.0049%"
"
01/14/2025 04:00:00","
BTC Perpetual/USDT","
Every 8 Hours","
0.0103%"
"
01/13/2025 20:00:00","
BTC Perpetual/USDT","
Every 8 Hours","
0.0084%"
"
01/13/2025 12:00:00","
BTC Perpetual/USDT","
Every 8 Hours","
0.0143%"
"
01/13/2025 04:00:00","
BTC Perpetual/USDT","
Every 8 Hours","
0.0023%"
"
01/12/2025 20:00:00","
BTC Perpetual/USDT","
Every 8 Hours","
0.0208%"
"
01/12/2025 12:00:00","
BTC Perpetual/USDT","
Every 8 Hours","
0.0101%"
"
01/12/2025 04:00:00","
BTC Perpetual/USDT","
Every 8 Hours","
0.0183%"
"
01/11/2025 20:00:00","
BTC Perpetual/USDT","
Every 8 Hours","
0.0141%"
"
01/11/2025 12:00:00","
BTC Perpetual/USDT","
Every 8 Hours","
0.0113%"
"
01/11/2025 04:00:00","
BTC Perpetual/USDT","
Every 8 Hours","
0.0078%"
"
01/10/2025 20:00:00","
BTC Perpetual/USDT","
Every 8 Hours","
0%"
"
01/10/2025 12:00:00","
BTC Perpetual/USDT","
Every 8 Hours","
0.0076%"
"
01/10/2025 04:00:00","
BTC Perpetual/USDT","
Every 8 Hours","
0.0164%"
"
01/09/2025 20:00:00","
BTC Perpetual/USDT","
Every 8 Hours","
0.0118%"
"
01/09/2025 12:00:00","
BTC Perpetual/USDT","
Every 8 Hours","
0.0137%"
"
01/09/2025 04:00:00","
BTC Perpetual/USDT","
Every 8 Hours","
0.0163%"
"
01/08/2025 20:00:00","
BTC Perpetual/USDT","
Every 8 Hours","
0.0156%"
"
01/08/2025 12:00:00","
BTC Perpetual/USDT","
Every 8 Hours","
0.0096%"
"
01/08/2025 04:00:00","
BTC Perpetual/USDT","
Every 8 Hours","
0.0391%"
"
01/07/2025 20:00:00","
BTC Perpetual/USDT","
Every 8 Hours","
0.0123%"
"
01/07/2025 12:00:00","
BTC Perpetual/USDT","
Every 8 Hours","
0.0057%"
"
01/07/2025 04:00:00","
BTC Perpetual/USDT","
Every 8 Hours","
-0.0054%"
"
01/06/2025 20:00:00","
BTC Perpetual/USDT","
Every 8 Hours","
0.0051%"
"
01/06/2025 12:00:00","
BTC Perpetual/USDT","
Every 8 Hours","
0.0028%"
"
01/06/2025 04:00:00","
BTC Perpetual/USDT","
Every 8 Hours","
0.0109%"
"
01/05/2025 20:00:00","
BTC Perpetual/USDT","
Every 8 Hours","
0.0152%"
"
01/05/2025 12:00:00","
BTC Perpetual/USDT","
Every 8 Hours","
0.0125%"
"
01/05/2025 04:00:00","
BTC Perpetual/USDT","
Every 8 Hours","
0.0206%"
"
01/04/2025 20:00:00","
BTC Perpetual/USDT","
Every 8 Hours","
0.0281%"
"
01/04/2025 12:00:00","
BTC Perpetual/USDT","
Every 8 Hours","
0.0073%"
"
01/04/2025 04:00:00","
BTC Perpetual/USDT","
Every 8 Hours","
-0.0002%"
"
01/03/2025 20:00:00","
BTC Perpetual/USDT","
Every 8 Hours","
0.0207%"
"
01/03/2025 12:00:00","
BTC Perpetual/USDT","
Every 8 Hours","
0.0105%"
"
01/03/2025 04:00:00","
BTC Perpetual/USDT","
Every 8 Hours","
0.0007%"
"
01/02/2025 20:00:00","
BTC Perpetual/USDT","
Every 8 Hours","
0.0028%"
"
01/02/2025 12:00:00","
BTC Perpetual/USDT","
Every 8 Hours","
0.0025%"
"
01/02/2025 04:00:00","
BTC Perpetual/USDT","
Every 8 Hours","
0.0110%"
"
01/01/2025 20:00:00","
BTC Perpetual/USDT","
Every 8 Hours","
0.0080%"
"
01/01/2025 12:00:00","
BTC Perpetual/USDT","
Every 8 Hours","
0.0259%"
"
01/01/2025 04:00:00","
BTC Perpetual/USDT","
Every 8 Hours","
0.0029%"
"
12/31/2024 20:00:00","
BTC Perpetual/USDT","
Every 8 Hours","
0.0143%"
"
12/31/2024 12:00:00","
BTC Perpetual/USDT","
Every 8 Hours","
0.0236%"
"
12/31/2024 04:00:00","
BTC Perpetual/USDT","
Every 8 Hours","
0.0087%"
"
12/30/2024 20:00:00","
BTC Perpetual/USDT","
Every 8 Hours","
0.0174%"
"
12/30/2024 12:00:00","
BTC Perpetual/USDT","
Every 8 Hours","
0.0186%"
"
12/30/2024 04:00:00","
BTC Perpetual/USDT","
Every 8 Hours","
0.0192%"
"
12/29/2024 20:00:00","
BTC Perpetual/USDT","
Every 8 Hours","
0.0251%"
"
12/29/2024 12:00:00","
BTC Perpetual/USDT","
Every 8 Hours","
0.0228%"
"
12/29/2024 04:00:00","
BTC Perpetual/USDT","
Every 8 Hours","
0.0286%"
"
12/28/2024 20:00:00","
BTC Perpetual/USDT","
Every 8 Hours","
0.0204%"
"
12/28/2024 12:00:00","
BTC Perpetual/USDT","
Every 8 Hours","
0.0313%"
"
12/28/2024 04:00:00","
BTC Perpetual/USDT","
Every 8 Hours","
0.0319%"
"
12/27/2024 20:00:00","
BTC Perpetual/USDT","
Every 8 Hours","
0.0277%"
"
12/27/2024 12:00:00","
BTC Perpetual/USDT","
Every 8 Hours","
0.0220%"
"
12/27/2024 04:00:00","
BTC Perpetual/USDT","
Every 8 Hours","
0.0233%"
"
12/26/2024 20:00:00","
BTC Perpetual/USDT","
Every 8 Hours","
0.0222%"
"
12/26/2024 12:00:00","
BTC Perpetual/USDT","
Every 8 Hours","
0.0133%"
"
12/26/2024 04:00:00","
BTC Perpetual/USDT","
Every 8 Hours","
0.0092%"
"
12/25/2024 20:00:00","
BTC Perpetual/USDT","
Every 8 Hours","
0.0239%"
"
12/25/2024 12:00:00","
BTC Perpetual/USDT","
Every 8 Hours","
0.0093%"
"
12/25/2024 04:00:00","
BTC Perpetual/USDT","
Every 8 Hours","
0.0049%"
"
12/24/2024 20:00:00","
BTC Perpetual/USDT","
Every 8 Hours","
0.0024%"
"
12/24/2024 12:00:00","
BTC Perpetual/USDT","
Every 8 Hours","
0.0198%"
"
12/24/2024 04:00:00","
BTC Perpetual/USDT","
Every 8 Hours","
0.0398%"
"
12/23/2024 20:00:00","
BTC Perpetual/USDT","
Every 8 Hours","
0.0110%"
"
12/23/2024 12:00:00","
BTC Perpetual/USDT","
Every 8 Hours","
0.0191%"
"
12/23/2024 04:00:00","
BTC Perpetual/USDT","
Every 8 Hours","
0.0169%"
"
12/22/2024 20:00:00","
BTC Perpetual/USDT","
Every 8 Hours","
0.0130%"
"
12/22/2024 12:00:00","
BTC Perpetual/USDT","
Every 8 Hours","
0.0186%"
"
12/22/2024 04:00:00","
BTC Perpetual/USDT","
Every 8 Hours","
0.0185%"
"
12/21/2024 20:00:00","
BTC Perpetual/USDT","
Every 8 Hours","
0.0055%"
"
12/21/2024 12:00:00","
BTC Perpetual/USDT","
Every 8 Hours","
0.0109%"
"
12/21/2024 04:00:00","
BTC Perpetual/USDT","
Every 8 Hours","
0.0160%"
"
12/20/2024 20:00:00","
BTC Perpetual/USDT","
Every 8 Hours","
0.0071%"
"
12/20/2024 12:00:00","
BTC Perpetual/USDT","
Every 8 Hours","
0.0241%"
"
12/20/2024 04:00:00","
BTC Perpetual/USDT","
Every 8 Hours","
0.0045%"
"
12/19/2024 20:00:00","
BTC Perpetual/USDT","
Every 8 Hours","
0.0208%"
"
12/19/2024 12:00:00","
BTC Perpetual/USDT","
Every 8 Hours","
0.0326%"
"
12/19/2024 04:00:00","
BTC Perpetual/USDT","
Every 8 Hours","
0.0180%"
"
12/18/2024 20:00:00","
BTC Perpetual/USDT","
Every 8 Hours","
0.0300%"
"
12/18/2024 12:00:00","
BTC Perpetual/USDT","
Every 8 Hours","
0.0158%"
"
12/18/2024 04:00:00","
BTC Perpetual/USDT","
Every 8 Hours","
0.0139%"
"
12/17/2024 20:00:00","
BTC Perpetual/USDT","
Every 8 Hours","
0.0200%"
"
12/17/2024 12:00:00","
BTC Perpetual/USDT","
Every 8 Hours","
0.0180%"
"
12/17/2024 04:00:00","
BTC Perpetual/USDT","
Every 8 Hours","
-0.0056%"
"
12/16/2024 20:00:00","
BTC Perpetual/USDT","
Every 8 Hours","
0.0120%"
"
12/16/2024 12:00:00","
BTC Perpetual/USDT","
Every 8 Hours","
0.0194%"
"
12/16/2024 04:00:00","
BTC Perpetual/USDT","
Every 8 Hours","
0.0073%"
"
12/15/2024 20:00:00","
BTC Perpetual/USDT","
Every 8 Hours","
0.0069%"
"
12/15/2024 12:00:00","
BTC Perpetual/USDT","
Every 8 Hours","
0%"
"
12/15/2024 04:00:00","
BTC Perpetual/USDT","
Every 8 Hours","
0.0101%"
"
12/14/2024 20:00:00","
BTC Perpetual/USDT","
Every 8 Hours","
0.0112%"
"
12/14/2024 12:00:00","
BTC Perpetual/USDT","
Every 8 Hours","
-0.0014%"
"
12/14/2024 04:00:00","
BTC Perpetual/USDT","
Every 8 Hours","
-0.0066%"
"
12/13/2024 20:00:00","
BTC Perpetual/USDT","
Every 8 Hours","
0.0095%"
"
12/13/2024 12:00:00","
BTC Perpetual/USDT","
Every 8 Hours","
0.0125%"
"
12/13/2024 04:00:00","
BTC Perpetual/USDT","
Every 8 Hours","
-0.0025%"
"
12/12/2024 20:00:00","
BTC Perpetual/USDT","
Every 8 Hours","
0.0102%"
"
12/12/2024 12:00:00","
BTC Perpetual/USDT","
Every 8 Hours","
-0.0014%"
"
12/12/2024 04:00:00","
BTC Perpetual/USDT","
Every 8 Hours","
-0.0142%"
"
12/11/2024 20:00:00","
BTC Perpetual/USDT","
Every 8 Hours","
0.0102%"
"
12/11/2024 12:00:00","
BTC Perpetual/USDT","
Every 8 Hours","
0.0046%"
"
12/11/2024 04:00:00","
BTC Perpetual/USDT","
Every 8 Hours","
0.0249%"
"
12/10/2024 20:00:00","
BTC Perpetual/USDT","
Every 8 Hours","
0.0171%"
"
12/10/2024 12:00:00","
BTC Perpetual/USDT","
Every 8 Hours","
0.0261%"
"
12/10/2024 04:00:00","
BTC Perpetual/USDT","
Every 8 Hours","
0.0432%"
"
12/09/2024 20:00:00","
BTC Perpetual/USDT","
Every 8 Hours","
0.0587%"
"
12/09/2024 12:00:00","
BTC Perpetual/USDT","
Every 8 Hours","
0.0694%"
"
12/09/2024 04:00:00","
BTC Perpetual/USDT","
Every 8 Hours","
0.0625%"
"
12/08/2024 20:00:00","
BTC Perpetual/USDT","
Every 8 Hours","
0.0521%"
"
12/08/2024 12:00:00","
BTC Perpetual/USDT","
Every 8 Hours","
0.0271%"
"
12/08/2024 04:00:00","
BTC Perpetual/USDT","
Every 8 Hours","
0.0575%"
"
12/07/2024 20:00:00","
BTC Perpetual/USDT","
Every 8 Hours","
0.0991%"
"
12/07/2024 12:00:00","
BTC Perpetual/USDT","
Every 8 Hours","
0.0423%"
"
12/07/2024 04:00:00","
BTC Perpetual/USDT","
Every 8 Hours","
0.0313%"
"
12/06/2024 20:00:00","
BTC Perpetual/USDT","
Every 8 Hours","
0.0470%"
"
12/06/2024 12:00:00","
BTC Perpetual/USDT","
Every 8 Hours","
0.1036%"
"
12/06/2024 04:00:00","
BTC Perpetual/USDT","
Every 8 Hours","
0.1155%"
"
12/05/2024 20:00:00","
BTC Perpetual/USDT","
Every 8 Hours","
0.1451%"
"
12/05/2024 12:00:00","
BTC Perpetual/USDT","
Every 8 Hours","
0.0722%"
"
12/05/2024 04:00:00","
BTC Perpetual/USDT","
Every 8 Hours","
0.0664%"
"
12/04/2024 20:00:00","
BTC Perpetual/USDT","
Every 8 Hours","
0.0492%"
"
12/04/2024 12:00:00","
BTC Perpetual/USDT","
Every 8 Hours","
0.0552%"
"
12/04/2024 04:00:00","
BTC Perpetual/USDT","
Every 8 Hours","
0.0604%"
"
12/03/2024 20:00:00","
BTC Perpetual/USDT","
Every 8 Hours","
0.0631%"
"
12/03/2024 12:00:00","
BTC Perpetual/USDT","
Every 8 Hours","
0.0640%"
"
12/03/2024 04:00:00","
BTC Perpetual/USDT","
Every 8 Hours","
0.0594%"
"
12/02/2024 20:00:00","
BTC Perpetual/USDT","
Every 8 Hours","
0.0669%"
"
12/02/2024 12:00:00","
BTC Perpetual/USDT","
Every 8 Hours","
0.0556%"
"
12/02/2024 04:00:00","
BTC Perpetual/USDT","
Every 8 Hours","
0.0333%"
"
12/01/2024 20:00:00","
BTC Perpetual/USDT","
Every 8 Hours","
0.0429%"
"
12/01/2024 12:00:00","
BTC Perpetual/USDT","
Every 8 Hours","
0.0365%"
"
12/01/2024 04:00:00","
BTC Perpetual/USDT","
Every 8 Hours","
0.0346%"
"
11/30/2024 20:00:00","
BTC Perpetual/USDT","
Every 8 Hours","
0.0488%"
"
11/30/2024 12:00:00","
BTC Perpetual/USDT","
Every 8 Hours","
0.0332%"
"
11/30/2024 04:00:00","
BTC Perpetual/USDT","
Every 8 Hours","
0.0287%"
"
11/29/2024 20:00:00","
BTC Perpetual/USDT","
Every 8 Hours","
0.0309%"
"
11/29/2024 12:00:00","
BTC Perpetual/USDT","
Every 8 Hours","
0.0348%"
"
11/29/2024 04:00:00","
BTC Perpetual/USDT","
Every 8 Hours","
0.0460%"
"
11/28/2024 20:00:00","
BTC Perpetual/USDT","
Every 8 Hours","
0.0202%"
"
11/28/2024 12:00:00","
BTC Perpetual/USDT","
Every 8 Hours","
0.0116%"
"
11/28/2024 04:00:00","
BTC Perpetual/USDT","
Every 8 Hours","
0.0128%"
"
11/27/2024 20:00:00","
BTC Perpetual/USDT","
Every 8 Hours","
0.0351%"
"
11/27/2024 12:00:00","
BTC Perpetual/USDT","
Every 8 Hours","
0.0698%"
"
11/27/2024 04:00:00","
BTC Perpetual/USDT","
Every 8 Hours","
0.0516%"
"
11/26/2024 20:00:00","
BTC Perpetual/USDT","
Every 8 Hours","
0.0498%"
"
11/26/2024 12:00:00","
BTC Perpetual/USDT","
Every 8 Hours","
0.0452%"
"
11/26/2024 04:00:00","
BTC Perpetual/USDT","
Every 8 Hours","
0.0847%"
"
11/25/2024 20:00:00","
BTC Perpetual/USDT","
Every 8 Hours","
0.0317%"
"
11/25/2024 12:00:00","
BTC Perpetual/USDT","
Every 8 Hours","
0.0565%"
"
11/25/2024 04:00:00","
BTC Perpetual/USDT","
Every 8 Hours","
0.0893%"
"
11/24/2024 20:00:00","
BTC Perpetual/USDT","
Every 8 Hours","
0.0560%"
"
11/24/2024 12:00:00","
BTC Perpetual/USDT","
Every 8 Hours","
0.0600%"
"
11/24/2024 04:00:00","
BTC Perpetual/USDT","
Every 8 Hours","
0.0614%"
"
11/23/2024 20:00:00","
BTC Perpetual/USDT","
Every 8 Hours","
0.0332%"
"
11/23/2024 12:00:00","
BTC Perpetual/USDT","
Every 8 Hours","
0.0150%"
"
11/23/2024 04:00:00","
BTC Perpetual/USDT","
Every 8 Hours","
0.0242%"
"
11/22/2024 20:00:00","
BTC Perpetual/USDT","
Every 8 Hours","
0.0517%"
"
11/22/2024 12:00:00","
BTC Perpetual/USDT","
Every 8 Hours","
0.0284%"
"
11/22/2024 04:00:00","
BTC Perpetual/USDT","
Every 8 Hours","
0.0178%"
"
11/21/2024 20:00:00","
BTC Perpetual/USDT","
Every 8 Hours","
0.0276%"
"
11/21/2024 12:00:00","
BTC Perpetual/USDT","
Every 8 Hours","
0.0020%"
"
11/21/2024 04:00:00","
BTC Perpetual/USDT","
Every 8 Hours","
-0.0098%"
"
11/20/2024 20:00:00","
BTC Perpetual/USDT","
Every 8 Hours","
0.0234%"
"
11/20/2024 12:00:00","
BTC Perpetual/USDT","
Every 8 Hours","
0.0439%"
"
11/20/2024 04:00:00","
BTC Perpetual/USDT","
Every 8 Hours","
0.0316%"
"
11/19/2024 20:00:00","
BTC Perpetual/USDT","
Every 8 Hours","
0.0481%"
"
11/19/2024 12:00:00","
BTC Perpetual/USDT","
Every 8 Hours","
0.0544%"
"
11/19/2024 04:00:00","
BTC Perpetual/USDT","
Every 8 Hours","
0.0607%"
"
11/18/2024 20:00:00","
BTC Perpetual/USDT","
Every 8 Hours","
0.0521%"
"
11/18/2024 12:00:00","
BTC Perpetual/USDT","
Every 8 Hours","
0.0425%"
"
11/18/2024 04:00:00","
BTC Perpetual/USDT","
Every 8 Hours","
0.0468%"
"
11/17/2024 20:00:00","
BTC Perpetual/USDT","
Every 8 Hours","
0.0283%"
"
11/17/2024 12:00:00","
BTC Perpetual/USDT","
Every 8 Hours","
0.0202%"
"
11/17/2024 04:00:00","
BTC Perpetual/USDT","
Every 8 Hours","
0.0305%"
"
11/16/2024 20:00:00","
BTC Perpetual/USDT","
Every 8 Hours","
0.0155%"
"
11/16/2024 12:00:00","
BTC Perpetual/USDT","
Every 8 Hours","
0.0104%"
"
11/16/2024 04:00:00","
BTC Perpetual/USDT","
Every 8 Hours","
0.0125%"
"
11/15/2024 20:00:00","
BTC Perpetual/USDT","
Every 8 Hours","
0.0299%"
"
11/15/2024 12:00:00","
BTC Perpetual/USDT","
Every 8 Hours","
0.0299%"
"
11/15/2024 04:00:00","
BTC Perpetual/USDT","
Every 8 Hours","
0.0231%"
"
11/14/2024 20:00:00","
BTC Perpetual/USDT","
Every 8 Hours","
0.0466%"
"
11/14/2024 12:00:00","
BTC Perpetual/USDT","
Every 8 Hours","
0.0322%"
"
11/14/2024 04:00:00","
BTC Perpetual/USDT","
Every 8 Hours","
0.0415%"
"
11/13/2024 20:00:00","
BTC Perpetual/USDT","
Every 8 Hours","
0.0360%"
"
11/13/2024 12:00:00","
BTC Perpetual/USDT","
Every 8 Hours","
0.0050%"
"
11/13/2024 04:00:00","
BTC Perpetual/USDT","
Every 8 Hours","
0.0641%"
"
11/12/2024 20:00:00","
BTC Perpetual/USDT","
Every 8 Hours","
0.1098%"
"
11/12/2024 12:00:00","
BTC Perpetual/USDT","
Every 8 Hours","
0.0836%"
"
11/12/2024 04:00:00","
BTC Perpetual/USDT","
Every 8 Hours","
0.0165%"
"
11/11/2024 20:00:00","
BTC Perpetual/USDT","
Every 8 Hours","
-0.0179%"
"
11/11/2024 12:00:00","
BTC Perpetual/USDT","
Every 8 Hours","
0.0285%"
"
11/11/2024 04:00:00","
BTC Perpetual/USDT","
Every 8 Hours","
0.0244%"
"
11/10/2024 20:00:00","
BTC Perpetual/USDT","
Every 8 Hours","
0.0300%"
"
11/10/2024 12:00:00","
BTC Perpetual/USDT","
Every 8 Hours","
0.0319%"
"
11/10/2024 04:00:00","
BTC Perpetual/USDT","
Every 8 Hours","
0.0054%"
"
11/09/2024 20:00:00","
BTC Perpetual/USDT","
Every 8 Hours","
0.0007%"
"
11/09/2024 12:00:00","
BTC Perpetual/USDT","
Every 8 Hours","
-0.0232%"
"
11/09/2024 04:00:00","
BTC Perpetual/USDT","
Every 8 Hours","
0.0012%"
"
11/08/2024 20:00:00","
BTC Perpetual/USDT","
Every 8 Hours","
0.0339%"
"
11/08/2024 12:00:00","
BTC Perpetual/USDT","
Every 8 Hours","
0.0061%"
"
11/08/2024 04:00:00","
BTC Perpetual/USDT","
Every 8 Hours","
-0.0035%"
"
11/07/2024 20:00:00","
BTC Perpetual/USDT","
Every 8 Hours","
0.0322%"
"
11/07/2024 12:00:00","
BTC Perpetual/USDT","
Every 8 Hours","
0.0075%"
"
11/07/2024 04:00:00","
BTC Perpetual/USDT","
Every 8 Hours","
-0.0047%"
"
11/06/2024 20:00:00","
BTC Perpetual/USDT","
Every 8 Hours","
0.0419%"
"
11/06/2024 12:00:00","
BTC Perpetual/USDT","
Every 8 Hours","
0.0169%"
"
11/06/2024 04:00:00","
BTC Perpetual/USDT","
Every 8 Hours","
-0.0011%"
"
11/05/2024 20:00:00","
BTC Perpetual/USDT","
Every 8 Hours","
0.0096%"
"
11/05/2024 12:00:00","
BTC Perpetual/USDT","
Every 8 Hours","
0.0219%"
"
11/05/2024 04:00:00","
BTC Perpetual/USDT","
Every 8 Hours","
0.0174%"
"
11/04/2024 20:00:00","
BTC Perpetual/USDT","
Every 8 Hours","
0.0163%"
"
11/04/2024 12:00:00","
BTC Perpetual/USDT","
Every 8 Hours","
0.0187%"
"
11/04/2024 04:00:00","
BTC Perpetual/USDT","
Every 8 Hours","
0.0116%"
"
11/03/2024 20:00:00","
BTC Perpetual/USDT","
Every 8 Hours","
0.0200%"
"
11/03/2024 12:00:00","
BTC Perpetual/USDT","
Every 8 Hours","
0.0206%"
"
11/03/2024 04:00:00","
BTC Perpetual/USDT","
Every 8 Hours","
0.0139%"
"
11/02/2024 20:00:00","
BTC Perpetual/USDT","
Every 8 Hours","
0.0082%"
"
11/02/2024 12:00:00","
BTC Perpetual/USDT","
Every 8 Hours","
0.0153%"
"
11/02/2024 04:00:00","
BTC Perpetual/USDT","
Every 8 Hours","
-0.0045%"
"
11/01/2024 20:00:00","
BTC Perpetual/USDT","
Every 8 Hours","
0.0022%"
"
11/01/2024 12:00:00","
BTC Perpetual/USDT","
Every 8 Hours","
0.0045%"
"
11/01/2024 04:00:00","
BTC Perpetual/USDT","
Every 8 Hours","
0.0414%"
"
10/31/2024 20:00:00","
BTC Perpetual/USDT","
Every 8 Hours","
0.0031%"
"
10/31/2024 12:00:00","
BTC Perpetual/USDT","
Every 8 Hours","
0.0106%"
"
10/31/2024 04:00:00","
BTC Perpetual/USDT","
Every 8 Hours","
0.0048%"
"
10/30/2024 20:00:00","
BTC Perpetual/USDT","
Every 8 Hours","
0.0176%"
"
10/30/2024 12:00:00","
BTC Perpetual/USDT","
Every 8 Hours","
0.0225%"
"
10/30/2024 04:00:00","
BTC Perpetual/USDT","
Every 8 Hours","
-0.0088%"
"
10/29/2024 20:00:00","
BTC Perpetual/USDT","
Every 8 Hours","
0.0124%"
"
10/29/2024 12:00:00","
BTC Perpetual/USDT","
Every 8 Hours","
0.0015%"
"
10/29/2024 04:00:00","
BTC Perpetual/USDT","
Every 8 Hours","
-0.0145%"
"
10/28/2024 20:00:00","
BTC Perpetual/USDT","
Every 8 Hours","
0.0014%"
"
10/28/2024 12:00:00","
BTC Perpetual/USDT","
Every 8 Hours","
-0.0016%"
"
10/28/2024 04:00:00","
BTC Perpetual/USDT","
Every 8 Hours","
-0.0034%"
"
10/27/2024 20:00:00","
BTC Perpetual/USDT","
Every 8 Hours","
0.0009%"
"
10/27/2024 12:00:00","
BTC Perpetual/USDT","
Every 8 Hours","
0.0034%"
"
10/27/2024 04:00:00","
BTC Perpetual/USDT","
Every 8 Hours","
0.0027%"
"
10/26/2024 20:00:00","
BTC Perpetual/USDT","
Every 8 Hours","
-0.0017%"
"
10/26/2024 12:00:00","
BTC Perpetual/USDT","
Every 8 Hours","
0.0070%"
"
10/26/2024 04:00:00","
BTC Perpetual/USDT","
Every 8 Hours","
-0.0007%"
"
10/25/2024 20:00:00","
BTC Perpetual/USDT","
Every 8 Hours","
0.0100%"
"
10/25/2024 12:00:00","
BTC Perpetual/USDT","
Every 8 Hours","
-0.0012%"
"
10/25/2024 04:00:00","
BTC Perpetual/USDT","
Every 8 Hours","
-0.0071%"
"
10/24/2024 20:00:00","
BTC Perpetual/USDT","
Every 8 Hours","
0.0112%"
"
10/24/2024 12:00:00","
BTC Perpetual/USDT","
Every 8 Hours","
0.0137%"
"
10/24/2024 04:00:00","
BTC Perpetual/USDT","
Every 8 Hours","
0.0133%"
"
10/23/2024 20:00:00","
BTC Perpetual/USDT","
Every 8 Hours","
0.0103%"
"
10/23/2024 12:00:00","
BTC Perpetual/USDT","
Every 8 Hours","
-0.0024%"
"
10/23/2024 04:00:00","
BTC Perpetual/USDT","
Every 8 Hours","
0.0029%"
"
10/22/2024 20:00:00","
BTC Perpetual/USDT","
Every 8 Hours","
0.0102%"
"
10/22/2024 12:00:00","
BTC Perpetual/USDT","
Every 8 Hours","
-0.0205%"
"
10/22/2024 04:00:00","
BTC Perpetual/USDT","
Every 8 Hours","
0.0234%"
"
10/21/2024 20:00:00","
BTC Perpetual/USDT","
Every 8 Hours","
0.0143%"
"
10/21/2024 12:00:00","
BTC Perpetual/USDT","
Every 8 Hours","
0.0188%"
"
10/21/2024 04:00:00","
BTC Perpetual/USDT","
Every 8 Hours","
0.0030%"
"
10/20/2024 20:00:00","
BTC Perpetual/USDT","
Every 8 Hours","
0.0075%"
"
10/20/2024 12:00:00","
BTC Perpetual/USDT","
Every 8 Hours","
0.0131%"
"
10/20/2024 04:00:00","
BTC Perpetual/USDT","
Every 8 Hours","
0.0068%"
"
10/19/2024 20:00:00","
BTC Perpetual/USDT","
Every 8 Hours","
0.0087%"
"
10/19/2024 12:00:00","
BTC Perpetual/USDT","
Every 8 Hours","
0.0068%"
"
10/19/2024 04:00:00","
BTC Perpetual/USDT","
Every 8 Hours","
-0.0126%"
"
10/18/2024 20:00:00","
BTC Perpetual/USDT","
Every 8 Hours","
0.0047%"
"
10/18/2024 12:00:00","
BTC Perpetual/USDT","
Every 8 Hours","
0.0076%"
"
10/18/2024 04:00:00","
BTC Perpetual/USDT","
Every 8 Hours","
-0.0019%"
"
10/17/2024 20:00:00","
BTC Perpetual/USDT","
Every 8 Hours","
-0.0003%"
"
10/17/2024 12:00:00","
BTC Perpetual/USDT","
Every 8 Hours","
-0.0095%"
"
10/17/2024 04:00:00","
BTC Perpetual/USDT","
Every 8 Hours","
-0.0062%"
"
10/16/2024 20:00:00","
BTC Perpetual/USDT","
Every 8 Hours","
-0.0052%"
"
10/16/2024 12:00:00","
BTC Perpetual/USDT","
Every 8 Hours","
-0.0053%"
"
10/16/2024 04:00:00","
BTC Perpetual/USDT","
Every 8 Hours","
-0.0116%"
"
10/15/2024 20:00:00","
BTC Perpetual/USDT","
Every 8 Hours","
0.0085%"
"
10/15/2024 12:00:00","
BTC Perpetual/USDT","
Every 8 Hours","
0.0028%"
"
10/15/2024 04:00:00","
BTC Perpetual/USDT","
Every 8 Hours","
-0.0074%"
"
10/14/2024 20:00:00","
BTC Perpetual/USDT","
Every 8 Hours","
-0.0120%"
"
10/14/2024 12:00:00","
BTC Perpetual/USDT","
Every 8 Hours","
0.0061%"
"
10/14/2024 04:00:00","
BTC Perpetual/USDT","
Every 8 Hours","
0.0082%"
"
10/13/2024 20:00:00","
BTC Perpetual/USDT","
Every 8 Hours","
0.0124%"
"
10/13/2024 12:00:00","
BTC Perpetual/USDT","
Every 8 Hours","
-0.0032%"
"
10/13/2024 04:00:00","
BTC Perpetual/USDT","
Every 8 Hours","
-0.0152%"
"
10/12/2024 20:00:00","
BTC Perpetual/USDT","
Every 8 Hours","
0.0094%"
"
10/12/2024 12:00:00","
BTC Perpetual/USDT","
Every 8 Hours","
-0.0054%"
"
10/12/2024 04:00:00","
BTC Perpetual/USDT","
Every 8 Hours","
-0.0033%"
"
10/11/2024 20:00:00","
BTC Perpetual/USDT","
Every 8 Hours","
0.0017%"
"
10/11/2024 12:00:00","
BTC Perpetual/USDT","
Every 8 Hours","
0.0103%"
"
10/11/2024 04:00:00","
BTC Perpetual/USDT","
Every 8 Hours","
0.0119%"
"
10/10/2024 20:00:00","
BTC Perpetual/USDT","
Every 8 Hours","
0.0027%"
"
10/10/2024 12:00:00","
BTC Perpetual/USDT","
Every 8 Hours","
0.0173%"
"
10/10/2024 04:00:00","
BTC Perpetual/USDT","
Every 8 Hours","
0.0096%"
"
10/09/2024 20:00:00","
BTC Perpetual/USDT","
Every 8 Hours","
0.0124%"
"
10/09/2024 12:00:00","
BTC Perpetual/USDT","
Every 8 Hours","
0.0103%"
"
10/09/2024 04:00:00","
BTC Perpetual/USDT","
Every 8 Hours","
0.0049%"
"
10/08/2024 20:00:00","
BTC Perpetual/USDT","
Every 8 Hours","
0.0066%"
"
10/08/2024 12:00:00","
BTC Perpetual/USDT","
Every 8 Hours","
-0.0022%"
"
10/08/2024 04:00:00","
BTC Perpetual/USDT","
Every 8 Hours","
0.0003%"
"
10/07/2024 20:00:00","
BTC Perpetual/USDT","
Every 8 Hours","
0.0050%"
"
10/07/2024 12:00:00","
BTC Perpetual/USDT","
Every 8 Hours","
-0.0033%"
"
10/07/2024 04:00:00","
BTC Perpetual/USDT","
Every 8 Hours","
-0.0144%"
"
10/06/2024 20:00:00","
BTC Perpetual/USDT","
Every 8 Hours","
0.0113%"
"
10/06/2024 12:00:00","
BTC Perpetual/USDT","
Every 8 Hours","
0.0098%"
"
10/06/2024 04:00:00","
BTC Perpetual/USDT","
Every 8 Hours","
-0.0074%"
"
10/05/2024 20:00:00","
BTC Perpetual/USDT","
Every 8 Hours","
0.0140%"
"
10/05/2024 12:00:00","
BTC Perpetual/USDT","
Every 8 Hours","
-0.0010%"
"
10/05/2024 04:00:00","
BTC Perpetual/USDT","
Every 8 Hours","
-0.0085%"
"
10/04/2024 20:00:00","
BTC Perpetual/USDT","
Every 8 Hours","
0.0118%"
"
10/04/2024 12:00:00","
BTC Perpetual/USDT","
Every 8 Hours","
0.0053%"
"
10/04/2024 04:00:00","
BTC Perpetual/USDT","
Every 8 Hours","
0.0053%"
"
10/03/2024 20:00:00","
BTC Perpetual/USDT","
Every 8 Hours","
0.0049%"
"
10/03/2024 12:00:00","
BTC Perpetual/USDT","
Every 8 Hours","
0.0117%"
"
10/03/2024 04:00:00","
BTC Perpetual/USDT","
Every 8 Hours","
0.0088%"
"
10/02/2024 20:00:00","
BTC Perpetual/USDT","
Every 8 Hours","
0.0046%"
"
10/02/2024 12:00:00","
BTC Perpetual/USDT","
Every 8 Hours","
0.0035%"
"
10/02/2024 04:00:00","
BTC Perpetual/USDT","
Every 8 Hours","
0.0122%"
"
10/01/2024 20:00:00","
BTC Perpetual/USDT","
Every 8 Hours","
0.0117%"
"
10/01/2024 12:00:00","
BTC Perpetual/USDT","
Every 8 Hours","
0.0094%"
"
10/01/2024 04:00:00","
BTC Perpetual/USDT","
Every 8 Hours","
0.0119%"
"
09/30/2024 20:00:00","
BTC Perpetual/USDT","
Every 8 Hours","
0.0169%"
"
09/30/2024 12:00:00","
BTC Perpetual/USDT","
Every 8 Hours","
0.0126%"
"
09/30/2024 04:00:00","
BTC Perpetual/USDT","
Every 8 Hours","
0.0001%"
"
09/29/2024 20:00:00","
BTC Perpetual/USDT","
Every 8 Hours","
0.0144%"
"
09/29/2024 12:00:00","
BTC Perpetual/USDT","
Every 8 Hours","
-0.0012%"
"
09/29/2024 04:00:00","
BTC Perpetual/USDT","
Every 8 Hours","
0.0068%"
"
09/28/2024 20:00:00","
BTC Perpetual/USDT","
Every 8 Hours","
0.0028%"
"
09/28/2024 12:00:00","
BTC Perpetual/USDT","
Every 8 Hours","
0.0035%"
"
09/28/2024 04:00:00","
BTC Perpetual/USDT","
Every 8 Hours","
-0.0014%"
"
09/27/2024 20:00:00","
BTC Perpetual/USDT","
Every 8 Hours","
-0.0074%"
"
09/27/2024 12:00:00","
BTC Perpetual/USDT","
Every 8 Hours","
0.0045%"
"
09/27/2024 04:00:00","
BTC Perpetual/USDT","
Every 8 Hours","
-0.0276%"
"
09/26/2024 20:00:00","
BTC Perpetual/USDT","
Every 8 Hours","
-0.0054%"
"
09/26/2024 12:00:00","
BTC Perpetual/USDT","
Every 8 Hours","
-0.0007%"
"
09/26/2024 04:00:00","
BTC Perpetual/USDT","
Every 8 Hours","
0.0132%"
"
09/25/2024 20:00:00","
BTC Perpetual/USDT","
Every 8 Hours","
-0.0061%"
"
09/25/2024 12:00:00","
BTC Perpetual/USDT","
Every 8 Hours","
-0.0171%"
"
09/25/2024 04:00:00","
BTC Perpetual/USDT","
Every 8 Hours","
-0.0013%"
"
09/24/2024 20:00:00","
BTC Perpetual/USDT","
Every 8 Hours","
-0.0132%"
"
09/24/2024 12:00:00","
BTC Perpetual/USDT","
Every 8 Hours","
-0.0008%"
"
09/24/2024 04:00:00","
BTC Perpetual/USDT","
Every 8 Hours","
-0.0036%"
"
09/23/2024 20:00:00","
BTC Perpetual/USDT","
Every 8 Hours","
-0.0060%"
"
09/23/2024 12:00:00","
BTC Perpetual/USDT","
Every 8 Hours","
-0.0124%"
"
09/23/2024 04:00:00","
BTC Perpetual/USDT","
Every 8 Hours","
0.0040%"
"
09/22/2024 20:00:00","
BTC Perpetual/USDT","
Every 8 Hours","
-0.0007%"
"
09/22/2024 12:00:00","
BTC Perpetual/USDT","
Every 8 Hours","
-0.0057%"
"
09/22/2024 04:00:00","
BTC Perpetual/USDT","
Every 8 Hours","
-0.0053%"
"
09/21/2024 20:00:00","
BTC Perpetual/USDT","
Every 8 Hours","
0.0001%"
"
09/21/2024 12:00:00","
BTC Perpetual/USDT","
Every 8 Hours","
-0.0142%"
"
09/21/2024 04:00:00","
BTC Perpetual/USDT","
Every 8 Hours","
0.0105%"
"
09/20/2024 20:00:00","
BTC Perpetual/USDT","
Every 8 Hours","
-0.0048%"
"
09/20/2024 12:00:00","
BTC Perpetual/USDT","
Every 8 Hours","
0.0077%"
"
09/20/2024 04:00:00","
BTC Perpetual/USDT","
Every 8 Hours","
0%"
"
09/19/2024 20:00:00","
BTC Perpetual/USDT","
Every 8 Hours","
-0.0109%"
"
09/19/2024 12:00:00","
BTC Perpetual/USDT","
Every 8 Hours","
-0.0087%"
"
09/19/2024 04:00:00","
BTC Perpetual/USDT","
Every 8 Hours","
0.0130%"
"
09/18/2024 20:00:00","
BTC Perpetual/USDT","
Every 8 Hours","
0.0031%"
"
09/18/2024 12:00:00","
BTC Perpetual/USDT","
Every 8 Hours","
0.0076%"
"
09/18/2024 04:00:00","
BTC Perpetual/USDT","
Every 8 Hours","
-0.0106%"
"
09/17/2024 20:00:00","
BTC Perpetual/USDT","
Every 8 Hours","
0.0022%"
"
09/17/2024 12:00:00","
BTC Perpetual/USDT","
Every 8 Hours","
0.0047%"
"
09/17/2024 04:00:00","
BTC Perpetual/USDT","
Every 8 Hours","
0.0126%"
"
09/16/2024 20:00:00","
BTC Perpetual/USDT","
Every 8 Hours","
0.0037%"
"
09/16/2024 12:00:00","
BTC Perpetual/USDT","
Every 8 Hours","
0.0090%"
"
09/16/2024 04:00:00","
BTC Perpetual/USDT","
Every 8 Hours","
0.0143%"
"
09/15/2024 20:00:00","
BTC Perpetual/USDT","
Every 8 Hours","
-0.0084%"
"
09/15/2024 12:00:00","
BTC Perpetual/USDT","
Every 8 Hours","
-0.0010%"
"
09/15/2024 04:00:00","
BTC Perpetual/USDT","
Every 8 Hours","
-0.0020%"
"
09/14/2024 20:00:00","
BTC Perpetual/USDT","
Every 8 Hours","
0%"
"
09/14/2024 12:00:00","
BTC Perpetual/USDT","
Every 8 Hours","
-0.0141%"
"
09/14/2024 04:00:00","
BTC Perpetual/USDT","
Every 8 Hours","
-0.0313%"
"
09/13/2024 20:00:00","
BTC Perpetual/USDT","
Every 8 Hours","
0.0077%"
"
09/13/2024 12:00:00","
BTC Perpetual/USDT","
Every 8 Hours","
-0.0151%"
"
09/13/2024 04:00:00","
BTC Perpetual/USDT","
Every 8 Hours","
0.0021%"
"
09/12/2024 20:00:00","
BTC Perpetual/USDT","
Every 8 Hours","
0.0003%"
"
09/12/2024 12:00:00","
BTC Perpetual/USDT","
Every 8 Hours","
0.0017%"
"
09/12/2024 04:00:00","
BTC Perpetual/USDT","
Every 8 Hours","
-0.0069%"
"
09/11/2024 20:00:00","
BTC Perpetual/USDT","
Every 8 Hours","
0.0155%"
"
09/11/2024 12:00:00","
BTC Perpetual/USDT","
Every 8 Hours","
-0.0056%"
"
09/11/2024 04:00:00","
BTC Perpetual/USDT","
Every 8 Hours","
-0.0014%"
"
09/10/2024 20:00:00","
BTC Perpetual/USDT","
Every 8 Hours","
0.0106%"
"
09/10/2024 12:00:00","
BTC Perpetual/USDT","
Every 8 Hours","
-0.0044%"
"
09/10/2024 04:00:00","
BTC Perpetual/USDT","
Every 8 Hours","
-0.0097%"
"
09/09/2024 20:00:00","
BTC Perpetual/USDT","
Every 8 Hours","
-0.0159%"
"
09/09/2024 12:00:00","
BTC Perpetual/USDT","
Every 8 Hours","
-0.0016%"
"
09/09/2024 04:00:00","
BTC Perpetual/USDT","
Every 8 Hours","
-0.0004%"
"
09/08/2024 20:00:00","
BTC Perpetual/USDT","
Every 8 Hours","
-0.0028%"
"
09/08/2024 12:00:00","
BTC Perpetual/USDT","
Every 8 Hours","
0%"
"
09/08/2024 04:00:00","
BTC Perpetual/USDT","
Every 8 Hours","
-0.0020%"
"
09/07/2024 20:00:00","
BTC Perpetual/USDT","
Every 8 Hours","
0.0036%"
"
09/07/2024 12:00:00","
BTC Perpetual/USDT","
Every 8 Hours","
-0.0051%"
"
09/07/2024 04:00:00","
BTC Perpetual/USDT","
Every 8 Hours","
0.0123%"
"
09/06/2024 20:00:00","
BTC Perpetual/USDT","
Every 8 Hours","
-0.0026%"
"
09/06/2024 12:00:00","
BTC Perpetual/USDT","
Every 8 Hours","
0.0050%"
"
09/06/2024 04:00:00","
BTC Perpetual/USDT","
Every 8 Hours","
0.0007%"
"
09/05/2024 20:00:00","
BTC Perpetual/USDT","
Every 8 Hours","
0.0170%"
"
09/05/2024 12:00:00","
BTC Perpetual/USDT","
Every 8 Hours","
-0.0049%"
"
09/05/2024 04:00:00","
BTC Perpetual/USDT","
Every 8 Hours","
-0.0138%"
"
09/04/2024 20:00:00","
BTC Perpetual/USDT","
Every 8 Hours","
0.0105%"
"
09/04/2024 12:00:00","
BTC Perpetual/USDT","
Every 8 Hours","
-0.0125%"
"
09/04/2024 04:00:00","
BTC Perpetual/USDT","
Every 8 Hours","
0.0097%"
"
09/03/2024 20:00:00","
BTC Perpetual/USDT","
Every 8 Hours","
0.0036%"
"
09/03/2024 12:00:00","
BTC Perpetual/USDT","
Every 8 Hours","
0.0053%"
"
09/03/2024 04:00:00","
BTC Perpetual/USDT","
Every 8 Hours","
-0.0059%"
"
09/02/2024 20:00:00","
BTC Perpetual/USDT","
Every 8 Hours","
0.0049%"
"
09/02/2024 12:00:00","
BTC Perpetual/USDT","
Every 8 Hours","
-0.0015%"
"
09/02/2024 04:00:00","
BTC Perpetual/USDT","
Every 8 Hours","
-0.0010%"
"
09/01/2024 20:00:00","
BTC Perpetual/USDT","
Every 8 Hours","
0.0055%"
"
09/01/2024 12:00:00","
BTC Perpetual/USDT","
Every 8 Hours","
0.0077%"
"
09/01/2024 04:00:00","
BTC Perpetual/USDT","
Every 8 Hours","
0.0051%"
"
08/31/2024 20:00:00","
BTC Perpetual/USDT","
Every 8 Hours","
0.0046%"
"
08/31/2024 12:00:00","
BTC Perpetual/USDT","
Every 8 Hours","
0.0034%"
"
08/31/2024 04:00:00","
BTC Perpetual/USDT","
Every 8 Hours","
-0.0008%"
"
08/30/2024 20:00:00","
BTC Perpetual/USDT","
Every 8 Hours","
0.0174%"
"
08/30/2024 12:00:00","
BTC Perpetual/USDT","
Every 8 Hours","
0.0014%"
"
08/30/2024 04:00:00","
BTC Perpetual/USDT","
Every 8 Hours","
-0.0003%"
"
08/29/2024 20:00:00","
BTC Perpetual/USDT","
Every 8 Hours","
0.0102%"
"
08/29/2024 12:00:00","
BTC Perpetual/USDT","
Every 8 Hours","
-0.0014%"
"
08/29/2024 04:00:00","
BTC Perpetual/USDT","
Every 8 Hours","
0.0096%"
"
08/28/2024 20:00:00","
BTC Perpetual/USDT","
Every 8 Hours","
0.0107%"
"
08/28/2024 12:00:00","
BTC Perpetual/USDT","
Every 8 Hours","
0.0062%"
"
08/28/2024 04:00:00","
BTC Perpetual/USDT","
Every 8 Hours","
0.0091%"
"
08/27/2024 20:00:00","
BTC Perpetual/USDT","
Every 8 Hours","
0.0111%"
"
08/27/2024 12:00:00","
BTC Perpetual/USDT","
Every 8 Hours","
0.0074%"
"
08/27/2024 04:00:00","
BTC Perpetual/USDT","
Every 8 Hours","
0.0005%"
"
08/26/2024 20:00:00","
BTC Perpetual/USDT","
Every 8 Hours","
0.0032%"
"
08/26/2024 12:00:00","
BTC Perpetual/USDT","
Every 8 Hours","
0%"
"
08/26/2024 04:00:00","
BTC Perpetual/USDT","
Every 8 Hours","
-0.0035%"
"
08/25/2024 20:00:00","
BTC Perpetual/USDT","
Every 8 Hours","
0.0045%"
"
08/25/2024 12:00:00","
BTC Perpetual/USDT","
Every 8 Hours","
0.0018%"
"
08/25/2024 04:00:00","
BTC Perpetual/USDT","
Every 8 Hours","
-0.0044%"
"
08/24/2024 20:00:00","
BTC Perpetual/USDT","
Every 8 Hours","
0.0168%"
"
08/24/2024 12:00:00","
BTC Perpetual/USDT","
Every 8 Hours","
-0.0163%"
"
08/24/2024 04:00:00","
BTC Perpetual/USDT","
Every 8 Hours","
-0.0026%"
"
08/23/2024 20:00:00","
BTC Perpetual/USDT","
Every 8 Hours","
-0.0081%"
"
08/23/2024 12:00:00","
BTC Perpetual/USDT","
Every 8 Hours","
0.0172%"
"
08/23/2024 04:00:00","
BTC Perpetual/USDT","
Every 8 Hours","
-0.0079%"
"
08/22/2024 20:00:00","
BTC Perpetual/USDT","
Every 8 Hours","
0.0033%"
"
08/22/2024 12:00:00","
BTC Perpetual/USDT","
Every 8 Hours","
-0.0106%"
"
08/22/2024 04:00:00","
BTC Perpetual/USDT","
Every 8 Hours","
0.0006%"
"
08/21/2024 20:00:00","
BTC Perpetual/USDT","
Every 8 Hours","
0.0075%"
"
08/21/2024 12:00:00","
BTC Perpetual/USDT","
Every 8 Hours","
-0.0107%"
"
08/21/2024 04:00:00","
BTC Perpetual/USDT","
Every 8 Hours","
-0.0009%"
"
08/20/2024 20:00:00","
BTC Perpetual/USDT","
Every 8 Hours","
-0.0014%"
"
08/20/2024 12:00:00","
BTC Perpetual/USDT","
Every 8 Hours","
-0.0066%"
"
08/20/2024 04:00:00","
BTC Perpetual/USDT","
Every 8 Hours","
0.0010%"
"
08/19/2024 20:00:00","
BTC Perpetual/USDT","
Every 8 Hours","
-0.0035%"
"
08/19/2024 12:00:00","
BTC Perpetual/USDT","
Every 8 Hours","
-0.0047%"
"
08/19/2024 04:00:00","
BTC Perpetual/USDT","
Every 8 Hours","
-0.0072%"
"
08/18/2024 20:00:00","
BTC Perpetual/USDT","
Every 8 Hours","
-0.0088%"
"
08/18/2024 12:00:00","
BTC Perpetual/USDT","
Every 8 Hours","
-0.0009%"
"
08/18/2024 04:00:00","
BTC Perpetual/USDT","
Every 8 Hours","
-0.0062%"
"
08/17/2024 20:00:00","
BTC Perpetual/USDT","
Every 8 Hours","
0.0047%"
"
08/17/2024 12:00:00","
BTC Perpetual/USDT","
Every 8 Hours","
-0.0044%"
"
08/17/2024 04:00:00","
BTC Perpetual/USDT","
Every 8 Hours","
-0.0048%"
"
08/16/2024 20:00:00","
BTC Perpetual/USDT","
Every 8 Hours","
-0.0108%"
"
08/16/2024 12:00:00","
BTC Perpetual/USDT","
Every 8 Hours","
0.0076%"
"
08/16/2024 04:00:00","
BTC Perpetual/USDT","
Every 8 Hours","
-0.0085%"
"
08/15/2024 20:00:00","
BTC Perpetual/USDT","
Every 8 Hours","
0.0098%"
"
08/15/2024 12:00:00","
BTC Perpetual/USDT","
Every 8 Hours","
0.0052%"
"
08/15/2024 04:00:00","
BTC Perpetual/USDT","
Every 8 Hours","
0.0030%"
"
08/14/2024 20:00:00","
BTC Perpetual/USDT","
Every 8 Hours","
0.0042%"
"
08/14/2024 12:00:00","
BTC Perpetual/USDT","
Every 8 Hours","
-0.0038%"
"
08/14/2024 04:00:00","
BTC Perpetual/USDT","
Every 8 Hours","
-0.0073%"
"
08/13/2024 20:00:00","
BTC Perpetual/USDT","
Every 8 Hours","
0.0022%"
"
08/13/2024 12:00:00","
BTC Perpetual/USDT","
Every 8 Hours","
0.0121%"
"
08/13/2024 04:00:00","
BTC Perpetual/USDT","
Every 8 Hours","
-0.0135%"
"
08/12/2024 20:00:00","
BTC Perpetual/USDT","
Every 8 Hours","
0.0035%"
"
08/12/2024 12:00:00","
BTC Perpetual/USDT","
Every 8 Hours","
0.0001%"
"
08/12/2024 04:00:00","
BTC Perpetual/USDT","
Every 8 Hours","
0.0124%"
"
08/11/2024 20:00:00","
BTC Perpetual/USDT","
Every 8 Hours","
0.0055%"
"
08/11/2024 12:00:00","
BTC Perpetual/USDT","
Every 8 Hours","
0.0011%"
"
08/11/2024 04:00:00","
BTC Perpetual/USDT","
Every 8 Hours","
0.0005%"
"
08/10/2024 20:00:00","
BTC Perpetual/USDT","
Every 8 Hours","
0.0080%"
"
08/10/2024 12:00:00","
BTC Perpetual/USDT","
Every 8 Hours","
0.0052%"
"
08/10/2024 04:00:00","
BTC Perpetual/USDT","
Every 8 Hours","
0.0092%"
"
08/09/2024 20:00:00","
BTC Perpetual/USDT","
Every 8 Hours","
0.0029%"
"
08/09/2024 12:00:00","
BTC Perpetual/USDT","
Every 8 Hours","
0.0065%"
"
08/09/2024 04:00:00","
BTC Perpetual/USDT","
Every 8 Hours","
-0.0042%"
"
08/08/2024 20:00:00","
BTC Perpetual/USDT","
Every 8 Hours","
0.0012%"
"
08/08/2024 12:00:00","
BTC Perpetual/USDT","
Every 8 Hours","
-0.0063%"
"
08/08/2024 04:00:00","
BTC Perpetual/USDT","
Every 8 Hours","
0.0004%"
"
08/07/2024 20:00:00","
BTC Perpetual/USDT","
Every 8 Hours","
-0.0049%"
"
08/07/2024 12:00:00","
BTC Perpetual/USDT","
Every 8 Hours","
-0.0107%"
"
08/07/2024 04:00:00","
BTC Perpetual/USDT","
Every 8 Hours","
-0.0037%"
"
08/06/2024 20:00:00","
BTC Perpetual/USDT","
Every 8 Hours","
-0.0042%"
"
08/06/2024 12:00:00","
BTC Perpetual/USDT","
Every 8 Hours","
-0.0033%"
"
08/06/2024 04:00:00","
BTC Perpetual/USDT","
Every 8 Hours","
-0.0207%"
"
08/05/2024 20:00:00","
BTC Perpetual/USDT","
Every 8 Hours","
0.0068%"
"
08/05/2024 12:00:00","
BTC Perpetual/USDT","
Every 8 Hours","
-0.0154%"
"
08/05/2024 04:00:00","
BTC Perpetual/USDT","
Every 8 Hours","
0.0040%"
"
08/04/2024 20:00:00","
BTC Perpetual/USDT","
Every 8 Hours","
0.0009%"
"
08/04/2024 12:00:00","
BTC Perpetual/USDT","
Every 8 Hours","
0.0031%"
"
08/04/2024 04:00:00","
BTC Perpetual/USDT","
Every 8 Hours","
0.0031%"
"
08/03/2024 20:00:00","
BTC Perpetual/USDT","
Every 8 Hours","
-0.0006%"
"
08/03/2024 12:00:00","
BTC Perpetual/USDT","
Every 8 Hours","
0.0092%"
"
08/03/2024 04:00:00","
BTC Perpetual/USDT","
Every 8 Hours","
-0.0050%"
"
08/02/2024 20:00:00","
BTC Perpetual/USDT","
Every 8 Hours","
0.0175%"
"
08/02/2024 12:00:00","
BTC Perpetual/USDT","
Every 8 Hours","
-0.0045%"
"
08/02/2024 04:00:00","
BTC Perpetual/USDT","
Every 8 Hours","
0.0189%"
"
08/01/2024 20:00:00","
BTC Perpetual/USDT","
Every 8 Hours","
0.0083%"
"
08/01/2024 12:00:00","
BTC Perpetual/USDT","
Every 8 Hours","
0.0130%"
"
08/01/2024 04:00:00","
BTC Perpetual/USDT","
Every 8 Hours","
0.0088%"
"
07/31/2024 20:00:00","
BTC Perpetual/USDT","
Every 8 Hours","
0.0155%"
"
07/31/2024 12:00:00","
BTC Perpetual/USDT","
Every 8 Hours","
0.0128%"
"
07/31/2024 04:00:00","
BTC Perpetual/USDT","
Every 8 Hours","
0.0115%"
"
07/30/2024 20:00:00","
BTC Perpetual/USDT","
Every 8 Hours","
0.0262%"
"
07/30/2024 12:00:00","
BTC Perpetual/USDT","
Every 8 Hours","
-0.0028%"
"
07/30/2024 04:00:00","
BTC Perpetual/USDT","
Every 8 Hours","
0.0264%"
"
07/29/2024 20:00:00","
BTC Perpetual/USDT","
Every 8 Hours","
-0.0015%"
"
07/29/2024 12:00:00","
BTC Perpetual/USDT","
Every 8 Hours","
0.0069%"
"
07/29/2024 04:00:00","
BTC Perpetual/USDT","
Every 8 Hours","
0.0020%"
"
07/28/2024 20:00:00","
BTC Perpetual/USDT","
Every 8 Hours","
-0.0001%"
"
07/28/2024 12:00:00","
BTC Perpetual/USDT","
Every 8 Hours","
-0.0029%"
"
07/28/2024 04:00:00","
BTC Perpetual/USDT","
Every 8 Hours","
-0.0034%"
"
07/27/2024 20:00:00","
BTC Perpetual/USDT","
Every 8 Hours","
0.0133%"
"
07/27/2024 12:00:00","
BTC Perpetual/USDT","
Every 8 Hours","
-0.0001%"
"
07/27/2024 04:00:00","
BTC Perpetual/USDT","
Every 8 Hours","
-0.0111%"
"
07/26/2024 20:00:00","
BTC Perpetual/USDT","
Every 8 Hours","
0.0004%"
"
07/26/2024 12:00:00","
BTC Perpetual/USDT","
Every 8 Hours","
-0.0066%"
"
07/26/2024 04:00:00","
BTC Perpetual/USDT","
Every 8 Hours","
-0.0022%"
"
07/25/2024 20:00:00","
BTC Perpetual/USDT","
Every 8 Hours","
0.0008%"
"
07/25/2024 12:00:00","
BTC Perpetual/USDT","
Every 8 Hours","
0.0085%"
"
07/25/2024 04:00:00","
BTC Perpetual/USDT","
Every 8 Hours","
0.0057%"
"
07/24/2024 20:00:00","
BTC Perpetual/USDT","
Every 8 Hours","
0.0035%"
"
07/24/2024 12:00:00","
BTC Perpetual/USDT","
Every 8 Hours","
0.0057%"
"
07/24/2024 04:00:00","
BTC Perpetual/USDT","
Every 8 Hours","
0.0043%"
"
07/23/2024 20:00:00","
BTC Perpetual/USDT","
Every 8 Hours","
0.0090%"
"
07/23/2024 12:00:00","
BTC Perpetual/USDT","
Every 8 Hours","
0.0030%"
"
07/23/2024 04:00:00","
BTC Perpetual/USDT","
Every 8 Hours","
-0.0017%"
"
07/22/2024 20:00:00","
BTC Perpetual/USDT","
Every 8 Hours","
0.0098%"
"
07/22/2024 12:00:00","
BTC Perpetual/USDT","
Every 8 Hours","
0.0087%"
"
07/22/2024 04:00:00","
BTC Perpetual/USDT","
Every 8 Hours","
0.0061%"
"
07/21/2024 20:00:00","
BTC Perpetual/USDT","
Every 8 Hours","
0.0015%"
"
07/21/2024 12:00:00","
BTC Perpetual/USDT","
Every 8 Hours","
-0.0113%"
"
07/21/2024 04:00:00","
BTC Perpetual/USDT","
Every 8 Hours","
0.0021%"
"
07/20/2024 20:00:00","
BTC Perpetual/USDT","
Every 8 Hours","
0.0076%"
"
07/20/2024 12:00:00","
BTC Perpetual/USDT","
Every 8 Hours","
-0.0050%"
"
07/20/2024 04:00:00","
BTC Perpetual/USDT","
Every 8 Hours","
0.0019%"
"
07/19/2024 20:00:00","
BTC Perpetual/USDT","
Every 8 Hours","
0.0048%"
"
07/19/2024 12:00:00","
BTC Perpetual/USDT","
Every 8 Hours","
0.0018%"
"
07/19/2024 04:00:00","
BTC Perpetual/USDT","
Every 8 Hours","
0.0139%"
"
07/18/2024 20:00:00","
BTC Perpetual/USDT","
Every 8 Hours","
-0.0069%"
"
07/18/2024 12:00:00","
BTC Perpetual/USDT","
Every 8 Hours","
-0.0068%"
"
07/18/2024 04:00:00","
BTC Perpetual/USDT","
Every 8 Hours","
0.0046%"
"
07/17/2024 20:00:00","
BTC Perpetual/USDT","
Every 8 Hours","
0.0043%"
"
07/17/2024 12:00:00","
BTC Perpetual/USDT","
Every 8 Hours","
-0.0016%"
"
07/17/2024 04:00:00","
BTC Perpetual/USDT","
Every 8 Hours","
0.0050%"
"
07/16/2024 20:00:00","
BTC Perpetual/USDT","
Every 8 Hours","
0.0053%"
"
07/16/2024 12:00:00","
BTC Perpetual/USDT","
Every 8 Hours","
0.0052%"
"
07/16/2024 04:00:00","
BTC Perpetual/USDT","
Every 8 Hours","
-0.0115%"
"
07/15/2024 20:00:00","
BTC Perpetual/USDT","
Every 8 Hours","
-0.0079%"
"
07/15/2024 12:00:00","
BTC Perpetual/USDT","
Every 8 Hours","
0.0014%"
"
07/15/2024 04:00:00","
BTC Perpetual/USDT","
Every 8 Hours","
-0.0053%"
"
07/14/2024 20:00:00","
BTC Perpetual/USDT","
Every 8 Hours","
-0.0079%"
"
07/14/2024 12:00:00","
BTC Perpetual/USDT","
Every 8 Hours","
-0.0012%"
"
07/14/2024 04:00:00","
BTC Perpetual/USDT","
Every 8 Hours","
-0.0043%"
"
07/13/2024 20:00:00","
BTC Perpetual/USDT","
Every 8 Hours","
-0.0057%"
"
07/13/2024 12:00:00","
BTC Perpetual/USDT","
Every 8 Hours","
0.0113%"
"
07/13/2024 04:00:00","
BTC Perpetual/USDT","
Every 8 Hours","
-0.0097%"
"
07/12/2024 20:00:00","
BTC Perpetual/USDT","
Every 8 Hours","
0.0062%"
"
07/12/2024 12:00:00","
BTC Perpetual/USDT","
Every 8 Hours","
0.0008%"
"
07/12/2024 04:00:00","
BTC Perpetual/USDT","
Every 8 Hours","
-0.0010%"
"
07/11/2024 20:00:00","
BTC Perpetual/USDT","
Every 8 Hours","
-0.0010%"
"
07/11/2024 12:00:00","
BTC Perpetual/USDT","
Every 8 Hours","
-0.0016%"
"
07/11/2024 04:00:00","
BTC Perpetual/USDT","
Every 8 Hours","
0.0094%"
"
07/10/2024 20:00:00","
BTC Perpetual/USDT","
Every 8 Hours","
-0.0078%"
"
07/10/2024 12:00:00","
BTC Perpetual/USDT","
Every 8 Hours","
-0.0111%"
"
07/10/2024 04:00:00","
BTC Perpetual/USDT","
Every 8 Hours","
-0.0085%"
"
07/09/2024 20:00:00","
BTC Perpetual/USDT","
Every 8 Hours","
-0.0028%"
"
07/09/2024 12:00:00","
BTC Perpetual/USDT","
Every 8 Hours","
0.0073%"
"
07/09/2024 04:00:00","
BTC Perpetual/USDT","
Every 8 Hours","
0.0015%"
"
07/08/2024 20:00:00","
BTC Perpetual/USDT","
Every 8 Hours","
0.0002%"
"
07/08/2024 12:00:00","
BTC Perpetual/USDT","
Every 8 Hours","
0.0095%"
"
07/08/2024 04:00:00","
BTC Perpetual/USDT","
Every 8 Hours","
-0.0024%"
"
07/07/2024 20:00:00","
BTC Perpetual/USDT","
Every 8 Hours","
0.0172%"
"
07/07/2024 12:00:00","
BTC Perpetual/USDT","
Every 8 Hours","
-0.0132%"
"
07/07/2024 04:00:00","
BTC Perpetual/USDT","
Every 8 Hours","
-0.0108%"
"
07/06/2024 20:00:00","
BTC Perpetual/USDT","
Every 8 Hours","
0.0021%"
"
07/06/2024 12:00:00","
BTC Perpetual/USDT","
Every 8 Hours","
0.0034%"
"
07/06/2024 04:00:00","
BTC Perpetual/USDT","
Every 8 Hours","
0.0007%"
"
07/05/2024 20:00:00","
BTC Perpetual/USDT","
Every 8 Hours","
-0.0030%"
"
07/05/2024 12:00:00","
BTC Perpetual/USDT","
Every 8 Hours","
0.0089%"
"
07/05/2024 04:00:00","
BTC Perpetual/USDT","
Every 8 Hours","
0.0140%"
"
07/04/2024 20:00:00","
BTC Perpetual/USDT","
Every 8 Hours","
0.0066%"
"
07/04/2024 12:00:00","
BTC Perpetual/USDT","
Every 8 Hours","
0.0054%"
"
07/04/2024 04:00:00","
BTC Perpetual/USDT","
Every 8 Hours","
0.0067%"
"
07/03/2024 20:00:00","
BTC Perpetual/USDT","
Every 8 Hours","
0.0148%"
"
07/03/2024 12:00:00","
BTC Perpetual/USDT","
Every 8 Hours","
0.0094%"
"
07/03/2024 04:00:00","
BTC Perpetual/USDT","
Every 8 Hours","
0.0167%"
"
07/02/2024 20:00:00","
BTC Perpetual/USDT","
Every 8 Hours","
0.0140%"
"
07/02/2024 12:00:00","
BTC Perpetual/USDT","
Every 8 Hours","
0.0001%"
"
07/02/2024 04:00:00","
BTC Perpetual/USDT","
Every 8 Hours","
0.0022%"
"
07/01/2024 20:00:00","
BTC Perpetual/USDT","
Every 8 Hours","
-0.0012%"
"
07/01/2024 12:00:00","
BTC Perpetual/USDT","
Every 8 Hours","
-0.0019%"
"
07/01/2024 04:00:00","
BTC Perpetual/USDT","
Every 8 Hours","
-0.0015%"
"
06/30/2024 20:00:00","
BTC Perpetual/USDT","
Every 8 Hours","
0.0030%"
"
06/30/2024 12:00:00","
BTC Perpetual/USDT","
Every 8 Hours","
0.0035%"
"
06/30/2024 04:00:00","
BTC Perpetual/USDT","
Every 8 Hours","
0%"
"
06/29/2024 20:00:00","
BTC Perpetual/USDT","
Every 8 Hours","
0.0028%"
"
06/29/2024 12:00:00","
BTC Perpetual/USDT","
Every 8 Hours","
0.0113%"
"
06/29/2024 04:00:00","
BTC Perpetual/USDT","
Every 8 Hours","
0.0178%"
"
06/28/2024 20:00:00","
BTC Perpetual/USDT","
Every 8 Hours","
-0.0022%"
"
06/28/2024 12:00:00","
BTC Perpetual/USDT","
Every 8 Hours","
0.0091%"
"
06/28/2024 04:00:00","
BTC Perpetual/USDT","
Every 8 Hours","
0.0003%"
"
06/27/2024 20:00:00","
BTC Perpetual/USDT","
Every 8 Hours","
0.0064%"
"
06/27/2024 12:00:00","
BTC Perpetual/USDT","
Every 8 Hours","
0.0126%"
"
06/27/2024 04:00:00","
BTC Perpetual/USDT","
Every 8 Hours","
0.0029%"
"
06/26/2024 20:00:00","
BTC Perpetual/USDT","
Every 8 Hours","
0.0036%"
"
06/26/2024 12:00:00","
BTC Perpetual/USDT","
Every 8 Hours","
-0.0006%"
"
06/26/2024 04:00:00","
BTC Perpetual/USDT","
Every 8 Hours","
-0.0017%"
"
06/25/2024 20:00:00","
BTC Perpetual/USDT","
Every 8 Hours","
-0.0007%"
"
06/25/2024 12:00:00","
BTC Perpetual/USDT","
Every 8 Hours","
-0.0082%"
"
06/25/2024 04:00:00","
BTC Perpetual/USDT","
Every 8 Hours","
0.0105%"
"
06/24/2024 20:00:00","
BTC Perpetual/USDT","
Every 8 Hours","
0.0041%"
"
06/24/2024 12:00:00","
BTC Perpetual/USDT","
Every 8 Hours","
0.0122%"
"
06/24/2024 04:00:00","
BTC Perpetual/USDT","
Every 8 Hours","
0.0116%"
"
06/23/2024 20:00:00","
BTC Perpetual/USDT","
Every 8 Hours","
0.0088%"
"
06/23/2024 12:00:00","
BTC Perpetual/USDT","
Every 8 Hours","
0.0079%"
"
06/23/2024 04:00:00","
BTC Perpetual/USDT","
Every 8 Hours","
0.0151%"
"
06/22/2024 20:00:00","
BTC Perpetual/USDT","
Every 8 Hours","
0.0018%"
"
06/22/2024 12:00:00","
BTC Perpetual/USDT","
Every 8 Hours","
0.0080%"
"
06/22/2024 04:00:00","
BTC Perpetual/USDT","
Every 8 Hours","
0.0048%"
"
06/21/2024 20:00:00","
BTC Perpetual/USDT","
Every 8 Hours","
0.0196%"
"
06/21/2024 12:00:00","
BTC Perpetual/USDT","
Every 8 Hours","
0.0085%"
"
06/21/2024 04:00:00","
BTC Perpetual/USDT","
Every 8 Hours","
0.0312%"
"
06/20/2024 20:00:00","
BTC Perpetual/USDT","
Every 8 Hours","
-0.0040%"
"
06/20/2024 12:00:00","
BTC Perpetual/USDT","
Every 8 Hours","
0.0176%"
"
06/20/2024 04:00:00","
BTC Perpetual/USDT","
Every 8 Hours","
0.0128%"
"
06/19/2024 20:00:00","
BTC Perpetual/USDT","
Every 8 Hours","
0.0070%"
"
06/19/2024 12:00:00","
BTC Perpetual/USDT","
Every 8 Hours","
0.0033%"
"
06/19/2024 04:00:00","
BTC Perpetual/USDT","
Every 8 Hours","
0.0165%"
"
06/18/2024 20:00:00","
BTC Perpetual/USDT","
Every 8 Hours","
0.0132%"
"
06/18/2024 12:00:00","
BTC Perpetual/USDT","
Every 8 Hours","
0.0010%"
"
06/18/2024 04:00:00","
BTC Perpetual/USDT","
Every 8 Hours","
0.0050%"
"
06/17/2024 20:00:00","
BTC Perpetual/USDT","
Every 8 Hours","
0.0089%"
"
06/17/2024 12:00:00","
BTC Perpetual/USDT","
Every 8 Hours","
0.0155%"
"
06/17/2024 04:00:00","
BTC Perpetual/USDT","
Every 8 Hours","
0.0129%"
"
06/16/2024 20:00:00","
BTC Perpetual/USDT","
Every 8 Hours","
0.0113%"
"
06/16/2024 12:00:00","
BTC Perpetual/USDT","
Every 8 Hours","
0.0115%"
"
06/16/2024 04:00:00","
BTC Perpetual/USDT","
Every 8 Hours","
0.0153%"
"
06/15/2024 20:00:00","
BTC Perpetual/USDT","
Every 8 Hours","
0.0083%"
"
06/15/2024 12:00:00","
BTC Perpetual/USDT","
Every 8 Hours","
0.0132%"
"
06/15/2024 04:00:00","
BTC Perpetual/USDT","
Every 8 Hours","
0.0093%"
"
06/14/2024 20:00:00","
BTC Perpetual/USDT","
Every 8 Hours","
0.0200%"
"
06/14/2024 12:00:00","
BTC Perpetual/USDT","
Every 8 Hours","
0.0108%"
"
06/14/2024 04:00:00","
BTC Perpetual/USDT","
Every 8 Hours","
0.0202%"
"
06/13/2024 20:00:00","
BTC Perpetual/USDT","
Every 8 Hours","
0.0120%"
"
06/13/2024 12:00:00","
BTC Perpetual/USDT","
Every 8 Hours","
0.0104%"
"
06/13/2024 04:00:00","
BTC Perpetual/USDT","
Every 8 Hours","
0.0031%"
"
06/12/2024 20:00:00","
BTC Perpetual/USDT","
Every 8 Hours","
0.0109%"
"
06/12/2024 12:00:00","
BTC Perpetual/USDT","
Every 8 Hours","
0.0073%"
"
06/12/2024 04:00:00","
BTC Perpetual/USDT","
Every 8 Hours","
0.0161%"
"
06/11/2024 20:00:00","
BTC Perpetual/USDT","
Every 8 Hours","
0.0252%"
"
06/11/2024 12:00:00","
BTC Perpetual/USDT","
Every 8 Hours","
0.0104%"
"
06/11/2024 04:00:00","
BTC Perpetual/USDT","
Every 8 Hours","
0.0033%"
"
06/10/2024 20:00:00","
BTC Perpetual/USDT","
Every 8 Hours","
0.0181%"
"
06/10/2024 12:00:00","
BTC Perpetual/USDT","
Every 8 Hours","
0.0088%"
"
06/10/2024 04:00:00","
BTC Perpetual/USDT","
Every 8 Hours","
0.0077%"
"
06/09/2024 20:00:00","
BTC Perpetual/USDT","
Every 8 Hours","
0.0203%"
"
06/09/2024 12:00:00","
BTC Perpetual/USDT","
Every 8 Hours","
0.0109%"
"
06/09/2024 04:00:00","
BTC Perpetual/USDT","
Every 8 Hours","
0.0133%"
"
06/08/2024 20:00:00","
BTC Perpetual/USDT","
Every 8 Hours","
0.0226%"
"
06/08/2024 12:00:00","
BTC Perpetual/USDT","
Every 8 Hours","
0.0274%"
"
06/08/2024 04:00:00","
BTC Perpetual/USDT","
Every 8 Hours","
0.0363%"
"
06/07/2024 20:00:00","
BTC Perpetual/USDT","
Every 8 Hours","
-0.0046%"
"
06/07/2024 12:00:00","
BTC Perpetual/USDT","
Every 8 Hours","
0.0236%"
"
06/07/2024 04:00:00","
BTC Perpetual/USDT","
Every 8 Hours","
0.0014%"
"
06/06/2024 20:00:00","
BTC Perpetual/USDT","
Every 8 Hours","
0.0291%"
"
06/06/2024 12:00:00","
BTC Perpetual/USDT","
Every 8 Hours","
0.0006%"
"
06/06/2024 04:00:00","
BTC Perpetual/USDT","
Every 8 Hours","
0.0055%"
"
06/05/2024 20:00:00","
BTC Perpetual/USDT","
Every 8 Hours","
0.0054%"
"
06/05/2024 12:00:00","
BTC Perpetual/USDT","
Every 8 Hours","
0.0174%"
"
06/05/2024 04:00:00","
BTC Perpetual/USDT","
Every 8 Hours","
-0.0136%"
"
06/04/2024 20:00:00","
BTC Perpetual/USDT","
Every 8 Hours","
0.0239%"
"
06/04/2024 12:00:00","
BTC Perpetual/USDT","
Every 8 Hours","
0.0283%"
"
06/04/2024 04:00:00","
BTC Perpetual/USDT","
Every 8 Hours","
0.0193%"
"
06/03/2024 20:00:00","
BTC Perpetual/USDT","
Every 8 Hours","
0.0101%"
"
06/03/2024 12:00:00","
BTC Perpetual/USDT","
Every 8 Hours","
0.0208%"
"
06/03/2024 04:00:00","
BTC Perpetual/USDT","
Every 8 Hours","
0.0186%"
"
06/02/2024 20:00:00","
BTC Perpetual/USDT","
Every 8 Hours","
0.0135%"
"
06/02/2024 12:00:00","
BTC Perpetual/USDT","
Every 8 Hours","
0.0179%"
"
06/02/2024 04:00:00","
BTC Perpetual/USDT","
Every 8 Hours","
0.0282%"
"
06/01/2024 20:00:00","
BTC Perpetual/USDT","
Every 8 Hours","
0.0327%"
"
06/01/2024 12:00:00","
BTC Perpetual/USDT","
Every 8 Hours","
0.0236%"
"
06/01/2024 04:00:00","
BTC Perpetual/USDT","
Every 8 Hours","
0.0403%"
"
05/31/2024 20:00:00","
BTC Perpetual/USDT","
Every 8 Hours","
0.0201%"
"
05/31/2024 12:00:00","
BTC Perpetual/USDT","
Every 8 Hours","
0.0170%"
"
05/31/2024 04:00:00","
BTC Perpetual/USDT","
Every 8 Hours","
0.0054%"
"
05/30/2024 20:00:00","
BTC Perpetual/USDT","
Every 8 Hours","
0.0083%"
"
05/30/2024 12:00:00","
BTC Perpetual/USDT","
Every 8 Hours","
0.0124%"
"
05/30/2024 04:00:00","
BTC Perpetual/USDT","
Every 8 Hours","
0.0295%"
"
05/29/2024 20:00:00","
BTC Perpetual/USDT","
Every 8 Hours","
0.0251%"
"
05/29/2024 12:00:00","
BTC Perpetual/USDT","
Every 8 Hours","
0.0137%"
"
05/29/2024 04:00:00","
BTC Perpetual/USDT","
Every 8 Hours","
0.0217%"
"
05/28/2024 20:00:00","
BTC Perpetual/USDT","
Every 8 Hours","
0.0274%"
"
05/28/2024 12:00:00","
BTC Perpetual/USDT","
Every 8 Hours","
0.0058%"
"
05/28/2024 04:00:00","
BTC Perpetual/USDT","
Every 8 Hours","
0.0260%"
"
05/27/2024 20:00:00","
BTC Perpetual/USDT","
Every 8 Hours","
0.0273%"
"
05/27/2024 12:00:00","
BTC Perpetual/USDT","
Every 8 Hours","
0.0150%"
"
05/27/2024 04:00:00","
BTC Perpetual/USDT","
Every 8 Hours","
0.0159%"
"
05/26/2024 20:00:00","
BTC Perpetual/USDT","
Every 8 Hours","
0.0121%"
"
05/26/2024 12:00:00","
BTC Perpetual/USDT","
Every 8 Hours","
0.0133%"
"
05/26/2024 04:00:00","
BTC Perpetual/USDT","
Every 8 Hours","
0.0107%"
"
05/25/2024 20:00:00","
BTC Perpetual/USDT","
Every 8 Hours","
0.0122%"
"
05/25/2024 12:00:00","
BTC Perpetual/USDT","
Every 8 Hours","
0.0038%"
"
05/25/2024 04:00:00","
BTC Perpetual/USDT","
Every 8 Hours","
0.0079%"
"
05/24/2024 20:00:00","
BTC Perpetual/USDT","
Every 8 Hours","
0.0093%"
"
05/24/2024 12:00:00","
BTC Perpetual/USDT","
Every 8 Hours","
0.0185%"
"
05/24/2024 04:00:00","
BTC Perpetual/USDT","
Every 8 Hours","
0.0249%"
"
05/23/2024 20:00:00","
BTC Perpetual/USDT","
Every 8 Hours","
0.0127%"
"
05/23/2024 12:00:00","
BTC Perpetual/USDT","
Every 8 Hours","
0.0501%"
"
05/23/2024 04:00:00","
BTC Perpetual/USDT","
Every 8 Hours","
0.0143%"
"
05/22/2024 20:00:00","
BTC Perpetual/USDT","
Every 8 Hours","
0.0329%"
"
05/22/2024 12:00:00","
BTC Perpetual/USDT","
Every 8 Hours","
0.0186%"
"
05/22/2024 04:00:00","
BTC Perpetual/USDT","
Every 8 Hours","
0.0352%"
"
05/21/2024 20:00:00","
BTC Perpetual/USDT","
Every 8 Hours","
0.0153%"
"
05/21/2024 12:00:00","
BTC Perpetual/USDT","
Every 8 Hours","
0.0507%"
"
05/21/2024 04:00:00","
BTC Perpetual/USDT","
Every 8 Hours","
-0.0036%"
"
05/20/2024 20:00:00","
BTC Perpetual/USDT","
Every 8 Hours","
0.0039%"
"
05/20/2024 12:00:00","
BTC Perpetual/USDT","
Every 8 Hours","
0.0009%"
"
05/20/2024 04:00:00","
BTC Perpetual/USDT","
Every 8 Hours","
0.0066%"
"
05/19/2024 20:00:00","
BTC Perpetual/USDT","
Every 8 Hours","
-0.0018%"
"
05/19/2024 12:00:00","
BTC Perpetual/USDT","
Every 8 Hours","
-0.0003%"
"
05/19/2024 04:00:00","
BTC Perpetual/USDT","
Every 8 Hours","
-0.0053%"
"
05/18/2024 20:00:00","
BTC Perpetual/USDT","
Every 8 Hours","
0.0056%"
"
05/18/2024 12:00:00","
BTC Perpetual/USDT","
Every 8 Hours","
-0.0013%"
"
05/18/2024 04:00:00","
BTC Perpetual/USDT","
Every 8 Hours","
-0.0065%"
"
05/17/2024 20:00:00","
BTC Perpetual/USDT","
Every 8 Hours","
0.0005%"
"
05/17/2024 12:00:00","
BTC Perpetual/USDT","
Every 8 Hours","
-0.0016%"
"
05/17/2024 04:00:00","
BTC Perpetual/USDT","
Every 8 Hours","
0.0120%"
"
05/16/2024 20:00:00","
BTC Perpetual/USDT","
Every 8 Hours","
0.0031%"
"
05/16/2024 12:00:00","
BTC Perpetual/USDT","
Every 8 Hours","
0.0067%"
"
05/16/2024 04:00:00","
BTC Perpetual/USDT","
Every 8 Hours","
-0.0083%"
"
05/15/2024 20:00:00","
BTC Perpetual/USDT","
Every 8 Hours","
-0.0048%"
"
05/15/2024 12:00:00","
BTC Perpetual/USDT","
Every 8 Hours","
0.0043%"
"
05/15/2024 04:00:00","
BTC Perpetual/USDT","
Every 8 Hours","
-0.0008%"
"
05/14/2024 20:00:00","
BTC Perpetual/USDT","
Every 8 Hours","
0.0065%"
"
05/14/2024 12:00:00","
BTC Perpetual/USDT","
Every 8 Hours","
-0.0013%"
"
05/14/2024 04:00:00","
BTC Perpetual/USDT","
Every 8 Hours","
-0.0023%"
"
05/13/2024 20:00:00","
BTC Perpetual/USDT","
Every 8 Hours","
0.0031%"
"
05/13/2024 12:00:00","
BTC Perpetual/USDT","
Every 8 Hours","
-0.0015%"
"
05/13/2024 04:00:00","
BTC Perpetual/USDT","
Every 8 Hours","
0.0003%"
"
05/12/2024 20:00:00","
BTC Perpetual/USDT","
Every 8 Hours","
0.0106%"
"
05/12/2024 12:00:00","
BTC Perpetual/USDT","
Every 8 Hours","
-0.0003%"
"
05/12/2024 04:00:00","
BTC Perpetual/USDT","
Every 8 Hours","
0.0049%"
"
05/11/2024 20:00:00","
BTC Perpetual/USDT","
Every 8 Hours","
-0.0025%"
"
05/11/2024 12:00:00","
BTC Perpetual/USDT","
Every 8 Hours","
0.0115%"
"
05/11/2024 04:00:00","
BTC Perpetual/USDT","
Every 8 Hours","
0.0085%"
"
05/10/2024 20:00:00","
BTC Perpetual/USDT","
Every 8 Hours","
0.0054%"
"
05/10/2024 12:00:00","
BTC Perpetual/USDT","
Every 8 Hours","
-0.0048%"
"
05/10/2024 04:00:00","
BTC Perpetual/USDT","
Every 8 Hours","
0.0081%"
"
05/09/2024 20:00:00","
BTC Perpetual/USDT","
Every 8 Hours","
0.0012%"
"
05/09/2024 12:00:00","
BTC Perpetual/USDT","
Every 8 Hours","
0.0047%"
"
05/09/2024 04:00:00","
BTC Perpetual/USDT","
Every 8 Hours","
0.0154%"
"
05/08/2024 20:00:00","
BTC Perpetual/USDT","
Every 8 Hours","
0.0037%"
"
05/08/2024 12:00:00","
BTC Perpetual/USDT","
Every 8 Hours","
0.0095%"
"
05/08/2024 04:00:00","
BTC Perpetual/USDT","
Every 8 Hours","
0.0074%"
"
05/07/2024 20:00:00","
BTC Perpetual/USDT","
Every 8 Hours","
-0.0008%"
"
05/07/2024 12:00:00","
BTC Perpetual/USDT","
Every 8 Hours","
-0.0043%"
"
05/07/2024 04:00:00","
BTC Perpetual/USDT","
Every 8 Hours","
0.0063%"
"
05/06/2024 20:00:00","
BTC Perpetual/USDT","
Every 8 Hours","
0.0027%"
"
05/06/2024 12:00:00","
BTC Perpetual/USDT","
Every 8 Hours","
0.0011%"
"
05/06/2024 04:00:00","
BTC Perpetual/USDT","
Every 8 Hours","
-0.0053%"
"
05/05/2024 20:00:00","
BTC Perpetual/USDT","
Every 8 Hours","
-0.0050%"
"
05/05/2024 12:00:00","
BTC Perpetual/USDT","
Every 8 Hours","
0.0024%"
"
05/05/2024 04:00:00","
BTC Perpetual/USDT","
Every 8 Hours","
-0.0034%"
"
05/04/2024 20:00:00","
BTC Perpetual/USDT","
Every 8 Hours","
0.0038%"
"
05/04/2024 12:00:00","
BTC Perpetual/USDT","
Every 8 Hours","
-0.0074%"
"
05/04/2024 04:00:00","
BTC Perpetual/USDT","
Every 8 Hours","
0.0131%"
"
05/03/2024 20:00:00","
BTC Perpetual/USDT","
Every 8 Hours","
-0.0186%"
"
05/03/2024 12:00:00","
BTC Perpetual/USDT","
Every 8 Hours","
0.0152%"
"
05/03/2024 04:00:00","
BTC Perpetual/USDT","
Every 8 Hours","
-0.0179%"
"
05/02/2024 20:00:00","
BTC Perpetual/USDT","
Every 8 Hours","
0.0127%"
"
05/02/2024 12:00:00","
BTC Perpetual/USDT","
Every 8 Hours","
-0.0012%"
"
05/02/2024 04:00:00","
BTC Perpetual/USDT","
Every 8 Hours","
0.0077%"
"
05/01/2024 20:00:00","
BTC Perpetual/USDT","
Every 8 Hours","
0.0229%"
"
05/01/2024 12:00:00","
BTC Perpetual/USDT","
Every 8 Hours","
0.0135%"
"
05/01/2024 04:00:00","
BTC Perpetual/USDT","
Every 8 Hours","
0.0322%"
"
04/30/2024 20:00:00","
BTC Perpetual/USDT","
Every 8 Hours","
0.0126%"
"
04/30/2024 12:00:00","
BTC Perpetual/USDT","
Every 8 Hours","
-0.0052%"
"
04/30/2024 04:00:00","
BTC Perpetual/USDT","
Every 8 Hours","
0.0075%"
"
04/29/2024 20:00:00","
BTC Perpetual/USDT","
Every 8 Hours","
0.0120%"
"
04/29/2024 12:00:00","
BTC Perpetual/USDT","
Every 8 Hours","
0.0038%"
"
04/29/2024 04:00:00","
BTC Perpetual/USDT","
Every 8 Hours","
0.0128%"
"
04/28/2024 20:00:00","
BTC Perpetual/USDT","
Every 8 Hours","
0.0102%"
"
04/28/2024 12:00:00","
BTC Perpetual/USDT","
Every 8 Hours","
-0.0128%"
"
04/28/2024 04:00:00","
BTC Perpetual/USDT","
Every 8 Hours","
0%"
"
04/27/2024 20:00:00","
BTC Perpetual/USDT","
Every 8 Hours","
0.0235%"
"
04/27/2024 12:00:00","
BTC Perpetual/USDT","
Every 8 Hours","
0.0026%"
"
04/27/2024 04:00:00","
BTC Perpetual/USDT","
Every 8 Hours","
0.0019%"
"
04/26/2024 20:00:00","
BTC Perpetual/USDT","
Every 8 Hours","
0.0086%"
"
04/26/2024 12:00:00","
BTC Perpetual/USDT","
Every 8 Hours","
-0.0152%"
"
04/26/2024 04:00:00","
BTC Perpetual/USDT","
Every 8 Hours","
0.0124%"
"
04/25/2024 20:00:00","
BTC Perpetual/USDT","
Every 8 Hours","
-0.0003%"
"
04/25/2024 12:00:00","
BTC Perpetual/USDT","
Every 8 Hours","
0.0062%"
"
04/25/2024 04:00:00","
BTC Perpetual/USDT","
Every 8 Hours","
0.0175%"
"
04/24/2024 20:00:00","
BTC Perpetual/USDT","
Every 8 Hours","
0.0109%"
"
04/24/2024 12:00:00","
BTC Perpetual/USDT","
Every 8 Hours","
0.0174%"
"
04/24/2024 04:00:00","
BTC Perpetual/USDT","
Every 8 Hours","
-0.0071%"
"
04/23/2024 20:00:00","
BTC Perpetual/USDT","
Every 8 Hours","
0.0203%"
"
04/23/2024 12:00:00","
BTC Perpetual/USDT","
Every 8 Hours","
-0.0070%"
"
04/23/2024 04:00:00","
BTC Perpetual/USDT","
Every 8 Hours","
-0.0035%"
"
04/22/2024 20:00:00","
BTC Perpetual/USDT","
Every 8 Hours","
-0.0052%"
"
04/22/2024 12:00:00","
BTC Perpetual/USDT","
Every 8 Hours","
0.0069%"
"
04/22/2024 04:00:00","
BTC Perpetual/USDT","
Every 8 Hours","
0.0078%"
"
04/21/2024 20:00:00","
BTC Perpetual/USDT","
Every 8 Hours","
0.0093%"
"
04/21/2024 12:00:00","
BTC Perpetual/USDT","
Every 8 Hours","
0.0046%"
"
04/21/2024 04:00:00","
BTC Perpetual/USDT","
Every 8 Hours","
-0.0029%"
"
04/20/2024 20:00:00","
BTC Perpetual/USDT","
Every 8 Hours","
-0.0008%"
"
04/20/2024 12:00:00","
BTC Perpetual/USDT","
Every 8 Hours","
-0.0135%"
"
04/20/2024 04:00:00","
BTC Perpetual/USDT","
Every 8 Hours","
0.0084%"
"
04/19/2024 20:00:00","
BTC Perpetual/USDT","
Every 8 Hours","
-0.0069%"
"
04/19/2024 12:00:00","
BTC Perpetual/USDT","
Every 8 Hours","
0.0035%"
"
04/19/2024 04:00:00","
BTC Perpetual/USDT","
Every 8 Hours","
-0.0102%"
"
04/18/2024 20:00:00","
BTC Perpetual/USDT","
Every 8 Hours","
0.0018%"
"
04/18/2024 12:00:00","
BTC Perpetual/USDT","
Every 8 Hours","
-0.0001%"
"
04/18/2024 04:00:00","
BTC Perpetual/USDT","
Every 8 Hours","
0.0124%"
"
04/17/2024 20:00:00","
BTC Perpetual/USDT","
Every 8 Hours","
0.0021%"
"
04/17/2024 12:00:00","
BTC Perpetual/USDT","
Every 8 Hours","
-0.0036%"
"
04/17/2024 04:00:00","
BTC Perpetual/USDT","
Every 8 Hours","
0.0003%"
"
04/16/2024 20:00:00","
BTC Perpetual/USDT","
Every 8 Hours","
0.0009%"
"
04/16/2024 12:00:00","
BTC Perpetual/USDT","
Every 8 Hours","
0.0049%"
"
04/16/2024 04:00:00","
BTC Perpetual/USDT","
Every 8 Hours","
0.0070%"
"
04/15/2024 20:00:00","
BTC Perpetual/USDT","
Every 8 Hours","
-0.0014%"
"
04/15/2024 12:00:00","
BTC Perpetual/USDT","
Every 8 Hours","
0.0022%"
"
04/15/2024 04:00:00","
BTC Perpetual/USDT","
Every 8 Hours","
-0.0083%"
"
04/14/2024 20:00:00","
BTC Perpetual/USDT","
Every 8 Hours","
-0.0012%"
"
04/14/2024 12:00:00","
BTC Perpetual/USDT","
Every 8 Hours","
-0.0114%"
"
04/14/2024 04:00:00","
BTC Perpetual/USDT","
Every 8 Hours","
0.0123%"
"
04/13/2024 20:00:00","
BTC Perpetual/USDT","
Every 8 Hours","
0.0093%"
"
04/13/2024 12:00:00","
BTC Perpetual/USDT","
Every 8 Hours","
0.0206%"
"
04/13/2024 04:00:00","
BTC Perpetual/USDT","
Every 8 Hours","
0.0253%"
"
04/12/2024 20:00:00","
BTC Perpetual/USDT","
Every 8 Hours","
0.0202%"
"
04/12/2024 12:00:00","
BTC Perpetual/USDT","
Every 8 Hours","
0.0227%"
"
04/12/2024 04:00:00","
BTC Perpetual/USDT","
Every 8 Hours","
0.0201%"
"
04/11/2024 20:00:00","
BTC Perpetual/USDT","
Every 8 Hours","
0.0312%"
"
04/11/2024 12:00:00","
BTC Perpetual/USDT","
Every 8 Hours","
0.0144%"
"
04/11/2024 04:00:00","
BTC Perpetual/USDT","
Every 8 Hours","
0.0222%"
"
04/10/2024 20:00:00","
BTC Perpetual/USDT","
Every 8 Hours","
0.0384%"
"
04/10/2024 12:00:00","
BTC Perpetual/USDT","
Every 8 Hours","
0.0291%"
"
04/10/2024 04:00:00","
BTC Perpetual/USDT","
Every 8 Hours","
0.0486%"
"
04/09/2024 20:00:00","
BTC Perpetual/USDT","
Every 8 Hours","
0.0314%"
"
04/09/2024 12:00:00","
BTC Perpetual/USDT","
Every 8 Hours","
0.0301%"
"
04/09/2024 04:00:00","
BTC Perpetual/USDT","
Every 8 Hours","
0.0251%"
"
04/08/2024 20:00:00","
BTC Perpetual/USDT","
Every 8 Hours","
0.0226%"
"
04/08/2024 12:00:00","
BTC Perpetual/USDT","
Every 8 Hours","
0.0168%"
"
04/08/2024 04:00:00","
BTC Perpetual/USDT","
Every 8 Hours","
0.0282%"
"
04/07/2024 20:00:00","
BTC Perpetual/USDT","
Every 8 Hours","
0.0072%"
"
04/07/2024 12:00:00","
BTC Perpetual/USDT","
Every 8 Hours","
0.0133%"
"
04/07/2024 04:00:00","
BTC Perpetual/USDT","
Every 8 Hours","
0.0026%"
"
04/06/2024 20:00:00","
BTC Perpetual/USDT","
Every 8 Hours","
0.0158%"
"
04/06/2024 12:00:00","
BTC Perpetual/USDT","
Every 8 Hours","
0.0082%"
"
04/06/2024 04:00:00","
BTC Perpetual/USDT","
Every 8 Hours","
0.0165%"
"
04/05/2024 20:00:00","
BTC Perpetual/USDT","
Every 8 Hours","
0.0115%"
"
04/05/2024 12:00:00","
BTC Perpetual/USDT","
Every 8 Hours","
0.0219%"
"
04/05/2024 04:00:00","
BTC Perpetual/USDT","
Every 8 Hours","
-0.0136%"
"
04/04/2024 20:00:00","
BTC Perpetual/USDT","
Every 8 Hours","
0.0275%"
"
04/04/2024 12:00:00","
BTC Perpetual/USDT","
Every 8 Hours","
0.0048%"
"
04/04/2024 04:00:00","
BTC Perpetual/USDT","
Every 8 Hours","
0.0173%"
"
04/03/2024 20:00:00","
BTC Perpetual/USDT","
Every 8 Hours","
0.0109%"
"
04/03/2024 12:00:00","
BTC Perpetual/USDT","
Every 8 Hours","
0.0324%"
"
04/03/2024 04:00:00","
BTC Perpetual/USDT","
Every 8 Hours","
0.0052%"
"
04/02/2024 20:00:00","
BTC Perpetual/USDT","
Every 8 Hours","
0.0690%"
"
04/02/2024 12:00:00","
BTC Perpetual/USDT","
Every 8 Hours","
0.0094%"
"
04/02/2024 04:00:00","
BTC Perpetual/USDT","
Every 8 Hours","
0.0879%"
"
04/01/2024 20:00:00","
BTC Perpetual/USDT","
Every 8 Hours","
0.0483%"
"
04/01/2024 12:00:00","
BTC Perpetual/USDT","
Every 8 Hours","
0.1140%"
"
04/01/2024 04:00:00","
BTC Perpetual/USDT","
Every 8 Hours","
0.0848%"
"
03/31/2024 20:00:00","
BTC Perpetual/USDT","
Every 8 Hours","
0.0845%"
"
03/31/2024 12:00:00","
BTC Perpetual/USDT","
Every 8 Hours","
0.0739%"
"
03/31/2024 04:00:00","
BTC Perpetual/USDT","
Every 8 Hours","
0.0756%"
"
03/30/2024 20:00:00","
BTC Perpetual/USDT","
Every 8 Hours","
0.0820%"
"
03/30/2024 12:00:00","
BTC Perpetual/USDT","
Every 8 Hours","
0.0635%"
"
03/30/2024 04:00:00","
BTC Perpetual/USDT","
Every 8 Hours","
0.0879%"
"
03/29/2024 20:00:00","
BTC Perpetual/USDT","
Every 8 Hours","
0.0724%"
"
03/29/2024 12:00:00","
BTC Perpetual/USDT","
Every 8 Hours","
0.0489%"
"
03/29/2024 04:00:00","
BTC Perpetual/USDT","
Every 8 Hours","
0.0456%"
"
03/28/2024 20:00:00","
BTC Perpetual/USDT","
Every 8 Hours","
0.0625%"
"
03/28/2024 12:00:00","
BTC Perpetual/USDT","
Every 8 Hours","
0.0468%"
"
03/28/2024 04:00:00","
BTC Perpetual/USDT","
Every 8 Hours","
0.0874%"
"
03/27/2024 20:00:00","
BTC Perpetual/USDT","
Every 8 Hours","
0.1013%"
"
03/27/2024 12:00:00","
BTC Perpetual/USDT","
Every 8 Hours","
0.0688%"
"
03/27/2024 04:00:00","
BTC Perpetual/USDT","
Every 8 Hours","
0.0542%"
"
03/26/2024 20:00:00","
BTC Perpetual/USDT","
Every 8 Hours","
0.0414%"
"
03/26/2024 12:00:00","
BTC Perpetual/USDT","
Every 8 Hours","
0.0217%"
"
03/26/2024 04:00:00","
BTC Perpetual/USDT","
Every 8 Hours","
0.0321%"
"
03/25/2024 20:00:00","
BTC Perpetual/USDT","
Every 8 Hours","
0.0188%"
"
03/25/2024 12:00:00","
BTC Perpetual/USDT","
Every 8 Hours","
0.0297%"
"
03/25/2024 04:00:00","
BTC Perpetual/USDT","
Every 8 Hours","
0.0041%"
"
03/24/2024 20:00:00","
BTC Perpetual/USDT","
Every 8 Hours","
0.0318%"
"
03/24/2024 12:00:00","
BTC Perpetual/USDT","
Every 8 Hours","
0.0156%"
"
03/24/2024 04:00:00","
BTC Perpetual/USDT","
Every 8 Hours","
0.0129%"
"
03/23/2024 20:00:00","
BTC Perpetual/USDT","
Every 8 Hours","
0.0204%"
"
03/23/2024 12:00:00","
BTC Perpetual/USDT","
Every 8 Hours","
0.0095%"
"
03/23/2024 04:00:00","
BTC Perpetual/USDT","
Every 8 Hours","
0.0317%"
"
03/22/2024 20:00:00","
BTC Perpetual/USDT","
Every 8 Hours","
0.0117%"
"
03/22/2024 12:00:00","
BTC Perpetual/USDT","
Every 8 Hours","
0.0245%"
"
03/22/2024 04:00:00","
BTC Perpetual/USDT","
Every 8 Hours","
0.0261%"
"
03/21/2024 20:00:00","
BTC Perpetual/USDT","
Every 8 Hours","
0.0332%"
"
03/21/2024 12:00:00","
BTC Perpetual/USDT","
Every 8 Hours","
0.0105%"
"
03/21/2024 04:00:00","
BTC Perpetual/USDT","
Every 8 Hours","
0.0062%"
"
03/20/2024 20:00:00","
BTC Perpetual/USDT","
Every 8 Hours","
0.0271%"
"
03/20/2024 12:00:00","
BTC Perpetual/USDT","
Every 8 Hours","
0.0275%"
"
03/20/2024 04:00:00","
BTC Perpetual/USDT","
Every 8 Hours","
0.0188%"
"
03/19/2024 20:00:00","
BTC Perpetual/USDT","
Every 8 Hours","
0.0377%"
"
03/19/2024 12:00:00","
BTC Perpetual/USDT","
Every 8 Hours","
0.0298%"
"
03/19/2024 04:00:00","
BTC Perpetual/USDT","
Every 8 Hours","
0.0350%"
"
03/18/2024 20:00:00","
BTC Perpetual/USDT","
Every 8 Hours","
0.0520%"
"
03/18/2024 12:00:00","
BTC Perpetual/USDT","
Every 8 Hours","
0.0325%"
"
03/18/2024 04:00:00","
BTC Perpetual/USDT","
Every 8 Hours","
0.0406%"
"
03/17/2024 20:00:00","
BTC Perpetual/USDT","
Every 8 Hours","
0.0458%"
"
03/17/2024 12:00:00","
BTC Perpetual/USDT","
Every 8 Hours","
0.0412%"
"
03/17/2024 04:00:00","
BTC Perpetual/USDT","
Every 8 Hours","
0.0775%"
"
03/16/2024 20:00:00","
BTC Perpetual/USDT","
Every 8 Hours","
0.0509%"
"
03/16/2024 12:00:00","
BTC Perpetual/USDT","
Every 8 Hours","
0.0405%"
"
03/16/2024 04:00:00","
BTC Perpetual/USDT","
Every 8 Hours","
0.0441%"
"
03/15/2024 20:00:00","
BTC Perpetual/USDT","
Every 8 Hours","
0.0861%"
"
03/15/2024 12:00:00","
BTC Perpetual/USDT","
Every 8 Hours","
0.1378%"
"
03/15/2024 04:00:00","
BTC Perpetual/USDT","
Every 8 Hours","
0.0983%"
"
03/14/2024 20:00:00","
BTC Perpetual/USDT","
Every 8 Hours","
0.0529%"
"
03/14/2024 12:00:00","
BTC Perpetual/USDT","
Every 8 Hours","
0.0282%"
"
03/14/2024 04:00:00","
BTC Perpetual/USDT","
Every 8 Hours","
0.0317%"
"
03/13/2024 20:00:00","
BTC Perpetual/USDT","
Every 8 Hours","
0.0787%"
"
03/13/2024 12:00:00","
BTC Perpetual/USDT","
Every 8 Hours","
0.0484%"
"
03/13/2024 04:00:00","
BTC Perpetual/USDT","
Every 8 Hours","
0.0654%"
"
03/12/2024 20:00:00","
BTC Perpetual/USDT","
Every 8 Hours","
0.0523%"
"
03/12/2024 12:00:00","
BTC Perpetual/USDT","
Every 8 Hours","
0.0706%"
"
03/12/2024 04:00:00","
BTC Perpetual/USDT","
Every 8 Hours","
0.0540%"
"
03/11/2024 20:00:00","
BTC Perpetual/USDT","
Every 8 Hours","
0.1275%"
"
03/11/2024 12:00:00","
BTC Perpetual/USDT","
Every 8 Hours","
0.0484%"
"
03/11/2024 04:00:00","
BTC Perpetual/USDT","
Every 8 Hours","
0.0415%"
"
03/10/2024 20:00:00","
BTC Perpetual/USDT","
Every 8 Hours","
0.0965%"
"
03/10/2024 12:00:00","
BTC Perpetual/USDT","
Every 8 Hours","
0.0419%"
"
03/10/2024 04:00:00","
BTC Perpetual/USDT","
Every 8 Hours","
0.0619%"
"
03/09/2024 20:00:00","
BTC Perpetual/USDT","
Every 8 Hours","
0.0660%"
"
03/09/2024 12:00:00","
BTC Perpetual/USDT","
Every 8 Hours","
0.0341%"
"
03/09/2024 04:00:00","
BTC Perpetual/USDT","
Every 8 Hours","
0.0618%"
"
03/08/2024 20:00:00","
BTC Perpetual/USDT","
Every 8 Hours","
0.0710%"
"
03/08/2024 12:00:00","
BTC Perpetual/USDT","
Every 8 Hours","
0.0485%"
"
03/08/2024 04:00:00","
BTC Perpetual/USDT","
Every 8 Hours","
0.0602%"
"
03/07/2024 20:00:00","
BTC Perpetual/USDT","
Every 8 Hours","
0.0614%"
"
03/07/2024 12:00:00","
BTC Perpetual/USDT","
Every 8 Hours","
0.0516%"
"
03/07/2024 04:00:00","
BTC Perpetual/USDT","
Every 8 Hours","
0.0410%"
"
03/06/2024 20:00:00","
BTC Perpetual/USDT","
Every 8 Hours","
0.0916%"
"
03/06/2024 12:00:00","
BTC Perpetual/USDT","
Every 8 Hours","
0.0199%"
"
03/06/2024 04:00:00","
BTC Perpetual/USDT","
Every 8 Hours","
0.1272%"
"
03/05/2024 20:00:00","
BTC Perpetual/USDT","
Every 8 Hours","
0.1547%"
"
03/05/2024 12:00:00","
BTC Perpetual/USDT","
Every 8 Hours","
0.1378%"
"
03/05/2024 04:00:00","
BTC Perpetual/USDT","
Every 8 Hours","
0.1294%"
"
03/04/2024 20:00:00","
BTC Perpetual/USDT","
Every 8 Hours","
0.1193%"
"
03/04/2024 12:00:00","
BTC Perpetual/USDT","
Every 8 Hours","
0.0941%"
"
03/04/2024 04:00:00","
BTC Perpetual/USDT","
Every 8 Hours","
0.0697%"
"
03/03/2024 20:00:00","
BTC Perpetual/USDT","
Every 8 Hours","
0.0785%"
"
03/03/2024 12:00:00","
BTC Perpetual/USDT","
Every 8 Hours","
0.1047%"
"
03/03/2024 04:00:00","
BTC Perpetual/USDT","
Every 8 Hours","
0.0958%"
"
03/02/2024 20:00:00","
BTC Perpetual/USDT","
Every 8 Hours","
0.0939%"
"
03/02/2024 12:00:00","
BTC Perpetual/USDT","
Every 8 Hours","
0.0556%"
"
03/02/2024 04:00:00","
BTC Perpetual/USDT","
Every 8 Hours","
0.0473%"
"
03/01/2024 20:00:00","
BTC Perpetual/USDT","
Every 8 Hours","
0.0791%"
"
03/01/2024 12:00:00","
BTC Perpetual/USDT","
Every 8 Hours","
0.0706%"
"
03/01/2024 04:00:00","
BTC Perpetual/USDT","
Every 8 Hours","
0.0969%"
"
02/29/2024 20:00:00","
BTC Perpetual/USDT","
Every 8 Hours","
0.1261%"
"
02/29/2024 12:00:00","
BTC Perpetual/USDT","
Every 8 Hours","
0.1080%"
"
02/29/2024 04:00:00","
BTC Perpetual/USDT","
Every 8 Hours","
0.1170%"
"
02/28/2024 20:00:00","
BTC Perpetual/USDT","
Every 8 Hours","
0.0378%"
"
02/28/2024 12:00:00","
BTC Perpetual/USDT","
Every 8 Hours","
0.0277%"
"
02/28/2024 04:00:00","
BTC Perpetual/USDT","
Every 8 Hours","
0.0202%"
"
02/27/2024 20:00:00","
BTC Perpetual/USDT","
Every 8 Hours","
0.0467%"
"
02/27/2024 12:00:00","
BTC Perpetual/USDT","
Every 8 Hours","
0.0571%"
"
02/27/2024 04:00:00","
BTC Perpetual/USDT","
Every 8 Hours","
0.0360%"
"
02/26/2024 20:00:00","
BTC Perpetual/USDT","
Every 8 Hours","
0.0290%"
"
02/26/2024 12:00:00","
BTC Perpetual/USDT","
Every 8 Hours","
0.0338%"
"
02/26/2024 04:00:00","
BTC Perpetual/USDT","
Every 8 Hours","
0.0244%"
"
02/25/2024 20:00:00","
BTC Perpetual/USDT","
Every 8 Hours","
0.0339%"
"
02/25/2024 12:00:00","
BTC Perpetual/USDT","
Every 8 Hours","
0.0242%"
"
02/25/2024 04:00:00","
BTC Perpetual/USDT","
Every 8 Hours","
0.0218%"
"
02/24/2024 20:00:00","
BTC Perpetual/USDT","
Every 8 Hours","
0.0223%"
"
02/24/2024 12:00:00","
BTC Perpetual/USDT","
Every 8 Hours","
0.0287%"
"
02/24/2024 04:00:00","
BTC Perpetual/USDT","
Every 8 Hours","
0.0188%"
"
02/23/2024 20:00:00","
BTC Perpetual/USDT","
Every 8 Hours","
0.0362%"
"
02/23/2024 12:00:00","
BTC Perpetual/USDT","
Every 8 Hours","
0.0152%"
"
02/23/2024 04:00:00","
BTC Perpetual/USDT","
Every 8 Hours","
0.0251%"
"
02/22/2024 20:00:00","
BTC Perpetual/USDT","
Every 8 Hours","
0.0261%"
"
02/22/2024 12:00:00","
BTC Perpetual/USDT","
Every 8 Hours","
0.0163%"
"
02/22/2024 04:00:00","
BTC Perpetual/USDT","
Every 8 Hours","
0.0335%"
"
02/21/2024 20:00:00","
BTC Perpetual/USDT","
Every 8 Hours","
0.0152%"
"
02/21/2024 12:00:00","
BTC Perpetual/USDT","
Every 8 Hours","
0.0181%"
"
02/21/2024 04:00:00","
BTC Perpetual/USDT","
Every 8 Hours","
0.0203%"
"
02/20/2024 20:00:00","
BTC Perpetual/USDT","
Every 8 Hours","
0.0329%"
"
02/20/2024 12:00:00","
BTC Perpetual/USDT","
Every 8 Hours","
0.0252%"
"
02/20/2024 04:00:00","
BTC Perpetual/USDT","
Every 8 Hours","
0.0182%"
"
02/19/2024 20:00:00","
BTC Perpetual/USDT","
Every 8 Hours","
0.0244%"
"
02/19/2024 12:00:00","
BTC Perpetual/USDT","
Every 8 Hours","
0.0334%"
"
02/19/2024 04:00:00","
BTC Perpetual/USDT","
Every 8 Hours","
0.0303%"
"
02/18/2024 20:00:00","
BTC Perpetual/USDT","
Every 8 Hours","
0.0141%"
"
02/18/2024 12:00:00","
BTC Perpetual/USDT","
Every 8 Hours","
0.0294%"
"
02/18/2024 04:00:00","
BTC Perpetual/USDT","
Every 8 Hours","
0.0220%"
"
02/17/2024 20:00:00","
BTC Perpetual/USDT","
Every 8 Hours","
0.0187%"
"
02/17/2024 12:00:00","
BTC Perpetual/USDT","
Every 8 Hours","
0.0145%"
"
02/17/2024 04:00:00","
BTC Perpetual/USDT","
Every 8 Hours","
0.0060%"
"
02/16/2024 20:00:00","
BTC Perpetual/USDT","
Every 8 Hours","
0.0309%"
"
02/16/2024 12:00:00","
BTC Perpetual/USDT","
Every 8 Hours","
0.0259%"
"
02/16/2024 04:00:00","
BTC Perpetual/USDT","
Every 8 Hours","
0.0224%"
"
02/15/2024 20:00:00","
BTC Perpetual/USDT","
Every 8 Hours","
0.0218%"
"
02/15/2024 12:00:00","
BTC Perpetual/USDT","
Every 8 Hours","
0.0173%"
"
02/15/2024 04:00:00","
BTC Perpetual/USDT","
Every 8 Hours","
0.0255%"
"
02/14/2024 20:00:00","
BTC Perpetual/USDT","
Every 8 Hours","
0.0358%"
"
02/14/2024 12:00:00","
BTC Perpetual/USDT","
Every 8 Hours","
-0.0008%"
"
02/14/2024 04:00:00","
BTC Perpetual/USDT","
Every 8 Hours","
0.0095%"
"
02/13/2024 20:00:00","
BTC Perpetual/USDT","
Every 8 Hours","
0.0156%"
"
02/13/2024 12:00:00","
BTC Perpetual/USDT","
Every 8 Hours","
0.0190%"
"
02/13/2024 04:00:00","
BTC Perpetual/USDT","
Every 8 Hours","
0.0258%"
"
02/12/2024 20:00:00","
BTC Perpetual/USDT","
Every 8 Hours","
0.0022%"
"
02/12/2024 12:00:00","
BTC Perpetual/USDT","
Every 8 Hours","
0.0236%"
"
02/12/2024 04:00:00","
BTC Perpetual/USDT","
Every 8 Hours","
0.0152%"
